Team;PTS/DIFF;FGM/DIFF;FGA/DIFF;FG%/DIFF;3PM/DIFF;3PA/DIFF;3P%/DIFF;FTM/DIFF;FTA/DIFF;FT%/DIFF;OR/DIFF;DR/DIFF;REB/DIFF;AST/DIFF;STL/DIFF;BLK/DIFF;TO/DIFF;PF/DIFF;Season
Boston;+6.5;+0.4;-1.4;+1.2;+4.4;+8.8;+3.1;+1.2;+0.4;+4.3;0.0;+1.3;+1.3;+3.5;-0.2;+1.3;+0.7;-0.3;2022-2023
Cleveland ;+5.3;+2.5;+1.6;+2.0;+0.3;+0.9;-0.1;0.0;0.0;-0.1;0.0;0.0;-0.1;+1.9;+0.1;+0.2;-2.2;-1.4;2022-2023
Philadelphia;+4.3;+0.4;-1.6;+1.4;+1.0;-0.7;+3.8;+2.4;+1.4;+5.4;-0.8;+0.5;-0.2;+0.9;+1.1;+0.1;-0.6;+0.8;2022-2023
Memphis;+3.9;+2.9;+2.2;+2.1;-0.9;-2.3;-0.4;-1.0;+0.2;-5.3;+1.0;+1.1;+2.2;-0.3;+1.4;+0.5;-1.5;0.0;2022-2023
Milwaukee;+3.6;+0.2;-2.8;+1.7;+2.7;+6.1;+1.4;+0.3;+1.4;-3.3;+0.4;+4.0;+4.4;+1.8;-0.6;+0.9;+2.3;-0.9;2022-2023
Denver ;+3.3;+1.8;-0.9;+2.6;+0.4;-1.8;+3.4;-0.7;-0.3;-2.4;0.0;+2.2;+2.1;+3.2;-0.3;+0.2;+0.9;-0.9;2022-2023
New York;+2.9;+1.2;+1.2;+0.7;-0.3;-0.7;-0.3;+0.8;+1.7;-2.0;+2.4;+2.1;+4.5;-2.2;+0.3;-0.3;0.0;-0.3;2022-2023
Sacramento ;+2.6;-0.1;-0.6;+0.1;+1.2;+3.9;-0.4;+1.7;+2.1;+0.3;-0.1;+0.4;+0.2;+0.6;-0.2;-0.8;-0.5;-1.1;2022-2023
Phoenix;+2.0;+2.1;+4.1;+0.1;+0.7;+0.5;+1.7;-2.9;-3.9;+0.6;+1.5;-0.2;+1.3;+3.9;0.0;+1.2;-0.7;+1.3;2022-2023
New Orleans;+1.8;+1.0;+0.9;+0.7;-1.2;-5.9;+2.4;+0.9;+0.7;+1.3;+0.9;+1.0;+1.9;+0.9;+0.9;-0.5;-0.3;0.0;2022-2023
Golden State;+1.8;+0.7;-0.3;+1.0;+3.6;+7.6;+2.1;-3.3;-5.0;+2.5;-0.1;+1.4;+1.2;+4.0;-0.7;0.0;+2.1;+3.0;2022-2023
Toronto ;+1.4;+1.4;+8.9;-3.1;-1.4;-0.6;-3.8;0.0;+0.3;-1.3;+3.4;-2.7;+0.7;-2.2;+3.4;+0.5;-4.6;+0.4;2022-2023
Chicago;+1.2;+1.8;-0.3;+2.2;-2.8;-8.2;+0.3;+0.4;-0.2;+3.0;-1.1;+0.1;-0.9;-1.5;+1.1;-0.2;-1.4;+0.1;2022-2023
Oklahoma City;+1.0;+1.1;+4.1;-0.8;-0.7;-1.9;-0.2;-0.4;-1.7;+3.7;-0.5;-2.3;-2.9;-1.5;+1.2;-1.3;-3.6;+0.5;2022-2023
Brooklyn ;+0.8;+0.4;-3.4;+2.4;+0.9;+1.5;+1.1;-1.0;-2.3;+3.2;-3.2;-1.3;-4.6;+2.1;+0.1;+2.3;-0.1;+2.5;2022-2023
L.A. Lakers;+0.5;-1.1;-4.8;+1.3;-1.7;-5.2;+0.2;+4.5;+5.8;+0.1;-1.0;+1.9;+0.8;-0.3;-1.1;-0.4;+1.3;-3.5;2022-2023
L.A. Clippers;+0.5;-0.7;-2.2;+0.3;+0.5;0.0;+1.5;+1.4;+1.5;+1.0;-0.4;+0.5;0.0;-1.0;-0.7;+0.2;+1.1;0.0;2022-2023
Atlanta;+0.2;+0.8;+2.1;-0.2;-1.1;-2.9;-0.4;-0.1;-0.5;+1.5;+0.6;-0.3;+0.2;-1.0;-0.4;-0.1;-1.1;-0.8;2022-2023
Dallas ;0.0;-1.7;-1.9;-0.9;+4.0;+9.3;+1.8;-0.5;+0.1;-2.5;-2.4;-3.4;-5.9;-2.0;0.0;0.0;-0.7;-1.1;2022-2023
Minnesota;0.0;+1.0;-1.3;+1.9;-0.1;0.0;-0.4;-2.0;-2.3;-1.0;-2.1;-0.5;-2.7;+1.1;-0.2;+1.3;0.0;+1.3;2022-2023
Miami;-0.3;-0.8;+2.0;-2.2;-1.1;-0.9;-2.3;+2.6;+1.9;+5.0;+0.8;-2.0;-1.2;-1.7;+1.0;-0.8;-2.2;-1.5;2022-2023
Utah ;-0.9;-0.8;-1.8;0.0;+0.8;+3.2;-0.8;0.0;-0.4;+0.9;+0.5;+1.8;+2.4;+1.0;-1.6;+0.2;+2.8;0.0;2022-2023
Washington;-1.2;-0.3;-2.8;+1.2;-0.7;-1.0;-1.0;+0.1;+0.5;-1.3;-1.3;+1.9;+0.5;+0.5;-0.2;+0.2;+1.4;-0.6;2022-2023
Orlando;-2.5;-0.8;-0.6;-0.5;-2.2;-5.8;-0.5;+1.2;+1.9;-1.1;+0.6;+0.5;+1.1;-2.6;-0.3;-0.4;+0.2;-0.3;2022-2023
Indiana ;-3.1;-1.2;+0.2;-1.5;+1.1;+3.6;-0.5;-1.7;-1.9;-0.9;-1.9;-1.7;-3.7;+0.6;-0.2;+0.4;-0.1;+0.9;2022-2023
Portland;-4.0;-2.5;-2.1;-1.7;+0.3;+2.1;-1.3;+0.6;+0.5;+0.9;-1.0;-1.6;-2.6;-2.8;-1.0;+0.2;+0.7;-0.4;2022-2023
Charlotte ;-6.2;-1.6;+0.2;-1.9;-1.5;-1.7;-2.6;-1.4;-0.4;-4.5;0.0;-1.7;-1.6;-0.7;+0.7;-0.5;0.0;0.0;2022-2023
Houston ;-7.8;-1.8;+0.7;-2.4;-4.0;-6.8;-4.6;-0.1;+1.1;-3.9;+2.9;+1.8;+4.7;-3.7;-1.4;-1.6;+2.8;-0.1;2022-2023
Detroit;-8.2;-3.5;-1.0;-3.4;-0.6;-0.8;-0.8;-0.5;-0.5;-0.5;+0.1;-2.4;-2.2;-2.7;-0.6;-1.7;+1.5;+1.1;2022-2023
San Antonio;-10.0;-3.0;+1.6;-4.1;-1.5;-0.1;-4.5;-2.4;-2.4;-2.7;+1.0;-2.3;-1.2;+0.4;-1.1;-1.3;+1.5;+1.3;2022-2023
Phoenix;+7.5;+4.4;+1.7;+4.0;0.0;-2.3;+2.3;-1.3;-2.7;+3.6;-0.7;+1.5;+0.8;+4.5;+1.0;+0.3;-1.6;+0.9;2021-2022
Boston;+7.2;+2.4;-0.6;+3.1;+1.4;+2.2;+1.7;+0.8;+0.2;+3.3;0.0;+2.2;+2.3;+3.2;-0.3;+1.2;0.0;-0.8;2021-2022
Utah ;+6.0;+0.1;-3.0;+1.7;+2.4;+5.7;+0.9;+3.3;+4.0;+0.8;+0.9;+3.8;+4.7;-0.9;-0.5;+0.6;+1.8;-1.4;2021-2022
Memphis;+5.6;+3.2;+5.7;+0.6;-0.5;-1.8;+0.3;-0.2;+0.7;-3.7;+4.1;+2.0;+6.1;+1.0;+2.5;+0.4;-1.9;0.0;2021-2022
Golden State;+5.5;+2.5;-0.1;+3.0;+2.1;+3.4;+2.4;-1.7;-2.6;+1.0;0.0;+2.7;+2.8;+4.2;+0.8;+0.6;+0.6;+3.0;2021-2022
Miami;+4.4;+2.0;+0.8;+1.9;+0.6;-2.4;+4.0;-0.2;-1.1;+2.8;+0.2;+1.7;+2.0;+2.2;0.0;-0.7;-0.3;0.0;2021-2022
Milwaukee;+3.3;+0.4;-1.2;+1.1;-0.4;-2.1;+0.9;+2.8;+3.0;+2.4;+0.3;+2.2;+2.6;-1.9;+0.1;-0.3;+0.3;-1.4;2021-2022
Dallas ;+3.3;+0.2;-0.2;+0.4;+2.1;+5.2;+1.0;+0.5;+0.6;+0.3;-0.2;-0.3;-0.6;0.0;-0.2;+0.3;-0.8;-0.4;2021-2022
Minnesota;+2.6;+1.3;+3.5;-0.3;+1.7;+3.9;+0.7;-1.8;-2.2;-0.2;+0.2;-1.9;-1.7;-0.5;+1.5;+0.7;-1.7;+0.8;2021-2022
Philadelphia;+2.6;-0.2;-2.0;+0.7;+0.2;-1.0;+1.8;+2.9;+2.2;+5.1;-1.6;-0.1;-1.8;+0.1;+1.1;+0.6;-0.7;0.0;2021-2022
Denver ;+2.3;+0.5;-1.0;+1.2;+0.8;+1.6;+0.6;+0.2;-0.7;+3.8;-0.5;+2.2;+1.7;+2.4;-0.6;-1.0;+1.6;0.0;2021-2022
Toronto ;+2.2;+1.6;+6.9;-1.7;-0.4;-0.6;-0.5;-0.5;0.0;-3.0;+3.0;-1.7;+1.2;-3.2;+2.3;-0.4;-3.4;+0.5;2021-2022
Cleveland ;+2.1;+0.2;-2.5;+1.6;0.0;-0.4;+0.1;+1.7;+2.6;-1.4;-0.2;+1.5;+1.3;+1.0;-1.3;-0.4;+0.4;-2.5;2021-2022
Atlanta;+1.5;-0.4;-0.6;-0.1;0.0;-0.8;+1.0;+2.3;+2.3;+2.0;-0.1;+0.3;+0.1;-0.8;+0.1;-0.2;-0.7;-1.6;2021-2022
Brooklyn ;+0.7;+1.2;-1.7;+2.3;-1.0;-4.5;+1.6;-0.6;-1.3;+1.7;-1.0;+1.2;+0.2;+1.4;-0.8;+0.5;+0.8;+0.6;2021-2022
Charlotte ;+0.4;+0.7;+1.3;+0.1;0.0;-0.4;+0.3;-1.0;-0.7;-2.2;-0.5;-1.8;-2.3;+1.6;+1.0;+0.3;-1.6;+0.2;2021-2022
San Antonio;+0.1;+0.7;+1.5;0.0;-0.8;-1.5;-0.7;-0.6;-0.4;-1.3;-0.3;-1.0;-1.4;+3.8;+0.3;0.0;-0.7;-0.8;2021-2022
L.A. Clippers;0.0;-0.7;-3.1;+0.8;+1.0;+0.2;+2.9;+0.3;0.0;+1.8;-2.8;-0.2;-3.1;0.0;-0.2;+0.8;0.0;+0.1;2021-2022
New York;-0.1;-0.8;+0.2;-1.0;+0.5;0.0;+1.4;+0.9;+1.8;-2.0;+2.1;+0.3;+2.4;-2.3;0.0;+0.2;+0.5;0.0;2021-2022
Chicago;-0.3;+0.3;-0.5;+0.6;-1.0;-3.1;+0.2;0.0;-0.4;+1.8;-0.6;-0.2;-0.8;-1.1;0.0;-0.9;-0.2;+0.6;2021-2022
New Orleans;-0.9;0.0;+2.4;-1.4;-2.3;-3.4;-3.3;+1.5;+1.8;+0.3;+2.7;+0.7;+3.4;0.0;+0.9;-0.7;-0.3;-0.8;2021-2022
L.A. Lakers;-3.0;-0.9;-1.7;-0.1;-0.6;-1.3;-0.4;-0.5;-0.3;-1.4;-1.4;-1.1;-2.6;-2.2;-0.7;+1.0;+0.5;0.0;2021-2022
Washington;-3.3;-0.6;-2.8;+0.7;-0.9;-1.1;-1.8;-1.0;-0.6;-2.3;-1.2;+0.1;-1.1;+1.3;-0.9;+0.7;+1.3;-1.0;2021-2022
Indiana ;-3.4;-1.0;+1.5;-2.0;+0.1;+3.0;-2.8;-1.5;-1.1;-2.8;+1.1;-0.3;+0.7;+0.2;-1.0;+0.6;+1.1;+1.2;2021-2022
Sacramento ;-5.4;-2.9;-2.5;-1.9;-1.5;-1.7;-2.7;+1.9;+2.7;-0.8;-1.0;-1.8;-2.8;-1.6;-0.9;-0.3;+0.9;-1.3;2021-2022
Detroit;-7.7;-2.4;+2.6;-4.2;-0.5;+2.0;-3.6;-2.2;-3.0;+0.5;+0.6;-3.9;-3.2;-1.6;+0.2;-0.4;-0.4;+2.1;2021-2022
Orlando;-8.0;-2.5;-0.7;-2.4;-1.0;+0.5;-3.2;-1.9;-2.8;+1.4;-1.2;-1.5;-2.8;-1.0;-1.2;-0.7;+1.2;+1.3;2021-2022
Oklahoma City;-8.0;-3.1;-1.3;-2.8;-1.5;-1.2;-2.9;-0.2;0.0;-1.5;-0.6;-2.1;-2.7;-3.9;-0.8;-1.3;+0.6;+0.4;2021-2022
Houston ;-8.4;-4.0;-3.5;-2.7;+0.6;+2.4;-0.4;-1.0;+0.8;-6.8;-1.5;-2.0;-3.6;-2.0;-2.1;-1.1;+2.3;-1.4;2021-2022
Portland;-8.8;-2.5;+1.2;-3.6;-1.0;-0.3;-2.4;-2.6;-2.9;-1.6;+0.6;-2.5;-1.8;-3.7;-0.1;-0.5;+0.3;+1.6;2021-2022
Utah ;+9.2;+0.3;-3.2;+2.1;+5.8;+11.1;+4.7;+2.6;+2.5;+3.1;+0.8;+4.8;+5.6;+1.3;-1.1;+1.2;+2.5;-0.4;2020-2021
L.A. Clippers;+6.1;+1.6;+0.2;+1.8;+2.6;+2.1;+5.5;0.0;-1.4;+6.2;+0.2;+2.6;+2.9;+1.4;0.0;-0.1;0.0;+1.1;2020-2021
Milwaukee;+5.8;+2.3;-1.0;+3.0;-0.4;-1.5;+0.4;+1.6;+2.6;-2.0;+0.6;+4.0;+4.6;+0.4;+1.0;-0.1;+0.7;-1.0;2020-2021
Phoenix;+5.8;+2.8;+1.5;+2.3;+1.4;+1.8;+2.3;-1.2;-2.9;+5.6;-0.6;+0.8;+0.2;+3.9;+0.2;+0.7;-1.0;+1.1;2020-2021
Philadelphia;+5.5;+2.0;0.0;+2.3;-0.6;-2.9;+1.3;+2.1;+2.7;+0.3;+0.2;+1.8;+2.1;+0.1;+1.8;+1.5;-1.1;-0.7;2020-2021
Denver ;+4.9;+3.2;+3.7;+1.6;0.0;-1.5;+1.3;-1.3;-2.5;+2.9;+1.4;+1.7;+3.2;+0.9;+0.5;0.0;-0.6;0.0;2020-2021
Brooklyn ;+4.5;+1.2;-3.9;+3.4;+0.9;0.0;+2.7;+1.0;+0.5;+2.8;-1.5;+2.9;+1.3;+2.7;-0.9;+0.6;+1.0;+0.1;2020-2021
L.A. Lakers;+2.7;+0.8;-0.3;+1.1;-0.3;-1.0;+0.1;+1.3;+2.8;-3.6;+0.8;+1.3;+2.2;0.0;-0.4;+0.8;+0.1;-2.1;2020-2021
Atlanta;+2.3;-0.4;-1.9;+0.4;+0.5;-0.8;+2.3;+2.7;+3.1;+0.9;+0.5;+2.4;+2.9;-0.2;-0.7;-0.2;+0.8;-0.4;2020-2021
New York;+2.3;+1.5;+0.2;+1.6;-0.2;-5.5;+5.4;-0.4;-1.2;+2.3;0.0;+1.0;+1.0;-2.1;+0.4;-0.3;0.0;+2.5;2020-2021
Dallas ;+2.2;+1.0;+0.2;+1.0;+0.9;+2.8;-0.2;-0.7;-1.3;+1.4;-0.6;0.0;-0.6;+0.2;-1.0;+0.6;-0.5;-0.6;2020-2021
Portland;+1.7;-0.4;+2.8;-1.9;+2.8;+6.1;+1.3;0.0;-1.1;+3.5;+0.7;-1.6;-0.8;-3.6;+0.7;+0.4;-1.2;-0.1;2020-2021
Boston;+1.4;+1.5;+2.9;+0.1;+0.7;+2.0;0.0;-2.3;-2.7;-1.0;+1.2;+0.5;+1.7;-0.5;+0.3;+0.6;-0.1;+1.1;2020-2021
Golden State;+1.0;+1.0;-0.8;+1.6;+2.1;+4.2;+1.6;-3.2;-4.3;+0.7;-2.7;-1.5;-4.2;+3.8;+0.2;+0.4;+0.1;+1.6;2020-2021
Memphis;+1.0;+1.8;+3.0;+0.4;-1.7;-3.7;-1.0;-0.9;-0.7;-1.6;+1.3;+0.3;+1.7;+1.5;+1.4;-0.1;-1.4;+0.4;2020-2021
Miami;0.0;+0.1;-1.5;+0.9;-1.3;-2.8;-0.7;+1.0;+1.1;+0.8;-1.4;0.0;-1.3;+0.5;+0.3;0.0;-1.0;-0.7;2020-2021
Indiana ;0.0;+0.5;-0.1;+0.6;+0.8;+2.4;-0.1;-1.9;-2.8;+1.0;-2.2;-1.8;-4.1;+1.3;+1.0;+1.0;-1.2;+2.0;2020-2021
New Orleans;-0.2;+0.6;-0.2;+0.8;-3.9;-7.7;-3.2;+2.3;+5.0;-6.0;+2.7;+2.8;+5.5;0.0;-0.1;-1.5;+1.1;-3.3;2020-2021
Toronto ;-0.4;+0.6;+3.9;-1.2;+0.5;+2.6;-1.1;-2.4;-3.4;+1.6;-0.5;-3.7;-4.2;-1.9;+1.9;-0.1;-2.8;+1.6;2020-2021
Chicago;-0.8;+0.7;+0.9;+0.3;+1.0;+1.6;+1.3;-3.3;-4.7;+1.7;+0.9;+1.8;+2.8;+2.6;-1.8;-0.8;+2.3;+1.1;2020-2021
San Antonio;-1.7;-0.5;+0.6;-0.9;-2.3;-4.2;-2.6;+1.7;+1.3;+3.4;-0.8;-2.6;-3.5;-0.3;+0.7;0.0;-1.4;-0.6;2020-2021
Washington;-1.8;0.0;-0.6;+0.4;-2.2;-4.6;-1.8;+0.2;+0.7;-1.2;-0.5;-0.3;-0.8;+1.0;-0.8;-0.7;-0.1;-0.4;2020-2021
Charlotte ;-1.9;-1.3;-0.3;-1.3;-0.7;-2.5;+0.3;+1.5;+1.6;+1.5;0.0;-1.3;-1.4;-0.2;-0.2;0.0;0.0;-0.5;2020-2021
Sacramento ;-3.6;-1.0;-0.7;-0.7;-0.2;+0.7;-1.5;-1.4;-0.6;-4.1;-1.2;-2.5;-3.8;+0.1;0.0;+0.3;-0.3;+0.7;2020-2021
Detroit;-4.4;-2.7;-1.3;-2.4;+0.2;+1.5;-1.0;+0.7;+1.0;0.0;-0.3;-1.3;-1.6;-0.5;-0.6;-0.6;+0.8;+0.1;2020-2021
Minnesota;-5.5;-2.3;+1.6;-3.4;0.0;+4.0;-4.2;-0.9;-0.4;-2.4;+0.5;-2.8;-2.2;-1.1;+1.1;0.0;-1.0;+1.0;2020-2021
Houston ;-7.9;-3.4;-0.5;-3.6;+0.3;+5.4;-4.2;-1.3;-0.5;-4.2;-0.5;-4.4;-4.9;-2.1;-0.9;-0.2;+0.4;+0.2;2020-2021
Cleveland ;-8.4;-3.4;-0.9;-3.4;-2.4;-2.6;-4.6;+0.7;+2.0;-3.5;+0.5;-1.5;-0.9;-1.5;-0.7;-1.3;+0.9;-1.9;2020-2021
Orlando;-9.3;-3.9;-0.4;-4.1;-2.8;-5.0;-2.9;+1.4;+2.1;-1.1;+0.5;-2.5;-1.9;-4.2;-0.7;-0.9;0.0;-1.4;2020-2021
Oklahoma City;-10.6;-4.5;-3.6;-3.1;-1.6;-2.2;-2.4;+0.1;+1.5;-4.8;-0.1;-1.3;-1.5;-3.7;-1.9;-0.8;+2.9;-0.4;2020-2021
Milwaukee;+10.0;+4.3;-3.0;+6.1;-0.1;-0.4;0.0;+1.5;+3.4;-4.5;0.0;+5.9;+5.9;+1.7;-0.1;+1.3;+1.0;-2.1;2019-2020
L.A. Clippers;+6.4;+2.0;-0.9;+2.7;+0.1;-2.1;+2.6;+2.2;+1.7;+3.4;0.0;+2.4;+2.3;0.0;-0.4;0.0;+0.3;-0.7;2019-2020
Boston;+6.3;+2.8;+2.5;+1.9;+0.7;-0.2;+2.4;-0.1;-1.2;+3.4;+0.3;+1.3;+1.7;+0.5;+1.1;+0.1;-1.3;+0.9;2019-2020
Toronto ;+6.2;+2.4;-0.3;+2.9;+0.7;-1.8;+3.6;+0.6;0.0;+2.6;-1.4;+0.7;-0.6;-0.3;+1.6;-0.5;-1.8;+1.2;2019-2020
L.A. Lakers;+5.7;+3.2;+1.1;+3.1;-0.6;-1.8;0.0;-0.1;+1.4;-5.1;+1.2;+2.2;+3.4;+1.9;+0.3;+2.8;-0.5;-1.0;2019-2020
Dallas ;+4.9;-0.2;-1.2;+0.3;+2.8;+6.4;+1.5;+2.5;+2.7;+1.8;+0.1;+1.3;+1.5;+0.7;-0.8;+0.6;+0.7;-1.8;2019-2020
Houston ;+2.9;-1.5;-1.0;-1.1;+3.4;+10.2;-0.3;+2.5;+2.3;+2.9;-1.3;-2.2;-3.6;-3.6;+0.6;+0.2;-1.3;+0.7;2019-2020
Miami;+2.9;+0.6;-2.2;+2.0;+0.3;-2.3;+3.1;+1.2;+1.6;0.0;-0.7;+2.5;+1.8;+1.3;0.0;+0.4;+0.4;-1.1;2019-2020
Utah ;+2.4;-0.6;-3.9;+1.4;+2.4;+4.1;+2.6;+1.2;+1.3;+1.1;-0.4;+2.6;+2.2;+0.9;-1.7;-0.5;+2.7;-0.4;2019-2020
Philadelphia;+2.3;+1.3;+1.9;+0.4;+1.2;+2.1;+1.4;-1.4;-2.0;+0.3;+1.8;+1.7;+3.6;+3.0;+1.0;+1.3;+0.1;+0.4;2019-2020
Denver ;+2.1;+2.0;+2.4;+1.0;-1.1;-3.2;0.0;-0.8;-1.6;+1.7;+0.6;+0.8;+1.4;+1.3;+0.8;+0.1;-0.6;-0.1;2019-2020
Oklahoma City;+1.9;-0.8;-4.1;+1.2;-0.6;-3.1;+1.4;+4.2;+5.2;+0.1;-2.2;+0.3;-1.9;-1.3;+0.6;+0.8;-0.6;-3.4;2019-2020
Indiana ;+1.9;+2.6;0.0;+2.9;-1.2;-5.6;+2.2;-2.0;-2.5;-0.1;-1.6;-0.7;-2.4;+2.7;+0.5;+0.5;-1.3;+0.9;2019-2020
Phoenix;+0.2;0.0;+0.6;-0.4;-0.2;-0.2;-0.4;+0.5;-0.6;+4.5;+0.6;-0.4;+0.2;+3.6;-0.2;-1.5;-0.7;-0.6;2019-2020
Brooklyn ;-0.5;-1.0;-2.6;+0.1;+0.8;+3.3;-0.7;+0.5;+1.4;-2.3;0.0;+1.9;+1.9;+1.8;-1.2;-0.7;+2.2;-0.1;2019-2020
Orlando;-1.0;-1.0;+1.7;-2.1;-1.1;-1.3;-2.1;+2.3;+2.8;+0.3;+1.2;-1.6;-0.3;-0.7;+1.2;+0.7;-1.8;-1.1;2019-2020
Memphis;-1.0;+1.9;+0.5;+1.8;-1.9;-3.8;-1.7;-2.9;-3.2;-1.9;0.0;+1.6;+1.6;+2.0;-0.1;+0.1;+0.3;+0.9;2019-2020
San Antonio;-1.1;-0.1;-0.7;+0.2;-2.4;-6.6;+0.2;+1.5;+0.9;+3.3;-0.3;-0.2;-0.6;-1.0;+0.4;+1.1;-0.5;-0.6;2019-2020
Portland;-1.1;+0.4;-0.4;+0.6;-0.6;-1.2;-0.5;-1.3;-2.6;+3.2;-1.3;-0.2;-1.5;-4.2;-0.5;+1.1;0.0;+1.5;2019-2020
New Orleans;-1.2;-0.1;-0.1;0.0;+1.4;+3.0;+0.8;-2.3;-1.2;-6.0;+0.9;+0.6;+1.6;+2.3;-1.0;+0.1;+2.0;0.0;2019-2020
Sacramento ;-2.0;+0.6;+2.8;-0.8;+0.2;0.0;+0.7;-3.5;-4.0;-2.0;+0.5;-1.5;-0.9;-1.0;0.0;-0.1;-0.7;+2.6;2019-2020
Chicago;-3.0;0.0;+6.1;-3.2;+1.0;+3.4;-0.5;-4.2;-5.5;-0.3;+0.3;-3.9;-3.6;-2.1;+1.8;-1.8;-2.9;+2.6;2019-2020
Detroit;-3.5;-2.6;-1.6;-2.1;+1.3;+3.1;+0.5;+0.3;+1.4;-3.4;-0.3;-1.4;-1.8;-0.5;-0.8;-1.0;+1.3;-0.1;2019-2020
Minnesota;-4.2;-2.7;+1.2;-3.6;+1.7;+7.8;-2.6;-0.6;+0.1;-2.9;+0.4;-2.9;-2.5;-0.5;+0.8;+0.1;-0.1;-0.2;2019-2020
Washington;-4.6;-1.5;+2.5;-3.0;-0.4;-0.5;-0.7;-1.0;-1.6;+0.9;-0.2;-3.8;-4.1;-0.1;+0.4;-0.7;-1.9;+0.4;2019-2020
New York;-6.4;+0.1;+3.3;-1.5;-3.7;-6.5;-4.3;-2.9;-2.2;-5.4;+2.4;-0.1;+2.3;-2.2;+0.4;-0.3;+0.7;+2.4;2019-2020
Charlotte ;-6.7;-4.3;-1.5;-4.1;-0.2;-0.7;0.0;+2.2;+3.2;-0.9;0.0;-3.2;-3.1;-2.8;-1.4;-0.9;+0.3;-1.7;2019-2020
Cleveland ;-7.8;-3.5;-1.4;-3.2;-1.1;-1.1;-2.3;+0.4;+0.7;-0.8;+1.0;+0.2;+1.3;-3.0;-2.5;-3.0;+3.1;-1.3;2019-2020
Atlanta;-7.9;-2.6;-0.1;-2.8;+0.1;+3.3;-3.0;-2.7;-4.0;+1.8;-1.2;-2.4;-3.7;-1.0;-1.1;-1.2;+1.3;+2.1;2019-2020
Golden State;-8.7;-3.5;-0.4;-3.8;-3.0;-3.5;-5.5;+1.5;+1.3;+2.0;-0.2;-3.4;-3.6;-0.5;0.0;-0.3;-0.3;0.0;2019-2020
Milwaukee;+8.8;+2.8;-2.4;+4.2;+0.3;+1.9;-0.7;+2.7;+2.5;+3.9;-0.6;+5.0;+4.4;+1.2;+0.7;+1.1;+0.2;-0.5;2018-2019
Golden State;+6.4;+3.6;-1.3;+4.6;+1.6;+0.8;+3.8;-2.3;-3.8;+2.8;-1.0;+2.9;+1.8;+5.1;0.0;+2.8;+0.8;+1.9;2018-2019
Toronto ;+6.0;+1.9;-0.5;+2.4;+1.6;+2.5;+2.1;+0.6;-0.3;+3.8;-0.9;+1.4;+0.4;+0.8;+0.7;+0.8;-0.9;+0.5;2018-2019
Utah ;+5.2;+0.4;-2.0;+1.6;+2.2;+6.2;+0.1;+2.0;+3.2;-1.6;+1.0;+2.6;+3.7;+4.4;-0.3;+1.3;+1.3;-1.3;2018-2019
Houston ;+4.7;-1.1;+0.6;-1.6;+5.9;+15.5;+1.5;+1.0;+0.6;+2.2;-0.7;-2.5;-3.3;-2.2;+1.1;+0.4;-1.8;+1.9;2018-2019
Boston;+4.4;+2.5;+2.4;+1.6;+1.0;+0.9;+2.1;-1.8;-3.3;+3.8;-0.5;-0.7;-1.3;+2.6;+1.8;+1.4;-2.1;+0.8;2018-2019
Portland;+4.1;+1.2;+0.5;+1.0;+0.3;+0.9;0.0;+1.4;+0.5;+4.4;+1.5;+3.6;+5.1;-0.2;-0.6;0.0;+1.3;-0.3;2018-2019
Denver ;+3.9;+2.3;+3.6;+0.7;+0.1;-0.5;+1.2;-0.9;-1.3;+0.1;+2.1;+1.7;+3.9;+2.7;+0.2;-0.5;-0.1;-0.3;2018-2019
Oklahoma City;+3.4;+1.8;+5.2;-0.5;+0.1;+1.0;-0.7;-0.4;+0.9;-4.8;+2.6;-0.3;+2.3;-1.4;+1.1;+0.1;-2.3;0.0;2018-2019
Indiana ;+3.3;+2.5;+0.9;+2.5;-1.8;-6.7;+2.0;0.0;+0.1;-0.3;-1.2;+0.5;-0.6;+1.4;+1.2;-0.2;-1.6;-0.5;2018-2019
Philadelphia;+2.6;-0.1;-3.3;+1.5;+0.5;+0.1;+1.7;+2.4;+3.0;+0.3;+0.8;+3.4;+4.2;+3.5;-0.3;+1.1;+2.2;-0.8;2018-2019
San Antonio;+1.6;+0.7;-1.2;+1.5;-1.8;-7.4;+3.3;+1.9;+0.8;+6.3;0.0;+0.8;+0.8;-0.1;-1.0;+0.6;+0.1;-1.5;2018-2019
L.A. Clippers;+0.8;-0.4;-3.8;+1.4;-0.3;-4.3;+4.4;+2.1;+2.2;+1.5;-1.5;+1.3;-0.2;0.0;-1.4;-1.3;+1.1;-0.6;2018-2019
Orlando;+0.7;+0.5;+1.4;-0.1;+0.9;+1.9;+0.9;-1.2;-1.7;+0.3;+1.0;-0.2;+0.7;+2.4;-0.3;+1.0;+0.1;-0.1;2018-2019
Brooklyn ;0.0;-1.9;-2.7;-0.7;+2.4;+5.8;+1.2;+1.3;+2.6;-2.5;0.0;+0.3;+0.3;+0.1;-1.2;-1.1;+1.5;-0.5;2018-2019
Miami;-0.2;+1.3;+1.2;+0.9;-0.5;-0.7;-0.8;-2.3;-0.9;-7.4;+1.0;+1.0;+2.1;+0.9;+0.1;+0.7;+0.6;+0.7;2018-2019
Detroit;-0.2;-1.0;+3.2;-2.9;+2.5;+7.0;+0.2;-0.6;-0.6;-0.7;+2.3;-1.0;+1.3;-1.1;0.0;-1.0;-0.6;+0.7;2018-2019
Charlotte ;-1.0;-1.6;+0.6;-2.2;-0.1;+0.4;-0.9;+2.4;+2.8;+0.9;-0.1;-1.8;-2.0;-2.7;+0.3;-1.0;-1.3;-1.6;2018-2019
Sacramento ;-1.1;+0.9;+2.5;-0.2;-0.7;-4.6;+3.0;-2.2;-1.6;-4.4;-0.1;-2.3;-2.5;+0.7;+0.7;-0.6;-2.3;0.0;2018-2019
Dallas ;-1.2;-2.1;-2.3;-1.2;+1.2;+4.0;-0.3;+1.7;+3.3;-3.4;0.0;+0.5;+0.4;-1.1;-1.3;-0.2;+1.0;-3.1;2018-2019
New Orleans;-1.3;+0.3;-0.5;+0.7;-2.0;-3.8;-1.9;-0.1;0.0;-0.2;+0.1;+1.3;+1.5;+0.5;-1.1;0.0;+1.4;+0.1;2018-2019
Minnesota;-1.5;-0.4;+1.1;-1.1;-2.6;-4.8;-2.7;+2.0;+2.0;+2.0;0.0;-0.8;-0.8;-1.5;+1.7;-0.5;-1.7;-1.5;2018-2019
L.A. Lakers;-1.7;+0.6;-2.2;+1.8;-1.5;-2.9;-1.5;-1.5;+0.5;-8.4;-1.0;+0.8;-0.2;+0.5;-0.7;+0.2;+1.7;0.0;2018-2019
Memphis;-2.5;+0.3;+1.0;-0.1;-1.7;-3.3;-1.7;-1.6;-1.7;-1.1;-0.7;-2.1;-2.9;+0.5;+0.7;+0.5;-1.3;+0.5;2018-2019
Washington;-2.9;-1.2;-0.4;-1.1;-0.7;+0.5;-2.9;+0.4;+0.8;-0.9;-1.7;-3.1;-4.9;0.0;+0.6;0.0;-1.3;-0.4;2018-2019
Atlanta;-6.0;-1.4;+1.3;-2.2;+0.6;+2.6;-0.7;-3.8;-4.9;-0.5;+1.0;-0.9;0.0;-1.0;-1.6;-0.3;+2.0;+1.4;2018-2019
Chicago;-8.4;-2.4;-1.3;-2.0;-2.9;-7.1;-1.4;-0.5;-1.3;+2.0;-1.2;-2.2;-3.5;-3.6;0.0;-1.4;+0.6;+1.5;2018-2019
New York;-9.2;-3.6;-1.3;-3.4;-1.7;-3.0;-2.2;-0.1;0.0;-0.7;-0.2;-2.5;-2.7;-5.5;-0.6;-0.4;+0.6;0.0;2018-2019
Phoenix;-9.3;-2.3;-0.8;-2.2;-1.4;-0.6;-4.2;-3.1;-4.9;+2.5;-2.7;-4.0;-6.7;-2.0;0.0;0.0;0.0;+2.9;2018-2019
Cleveland ;-9.6;-4.2;+0.4;-5.1;-1.6;-2.4;-2.5;+0.5;+0.1;+2.2;+1.1;-2.6;-1.4;-4.9;-0.4;-3.2;+0.5;+0.6;2018-2019
Houston ;+8.4;-0.8;-1.3;-0.2;+5.2;+13.4;+1.1;+4.9;+5.5;+3.4;+0.3;+1.0;+1.4;-0.8;+1.0;+0.3;-0.7;-0.8;2017-2018
Toronto ;+7.7;+2.8;+1.8;+2.3;+2.8;+8.0;0.0;-0.8;-1.8;+2.7;0.0;+1.6;+1.5;+2.5;+0.4;+1.2;-0.9;+1.8;2017-2018
Golden State;+5.9;+2.5;-4.8;+5.6;+0.8;-0.2;+3.4;-0.1;-1.6;+5.7;-2.4;+3.4;+1.0;+5.7;-0.7;+3.8;+1.5;+1.1;2017-2018
Philadelphia;+4.5;+2.7;-1.0;+3.7;+0.8;+0.2;+2.6;-1.9;-2.8;+0.7;+0.9;+4.3;+5.2;+5.3;-0.1;0.0;+2.1;+1.7;2017-2018
Utah ;+4.3;+1.0;0.0;+1.2;+1.3;+3.5;0.0;+0.9;+1.0;+0.7;+0.3;+1.2;+1.6;+2.4;+0.3;+0.4;-0.3;-0.9;2017-2018
Boston;+3.5;+0.9;0.0;+1.0;+2.0;+2.7;+3.8;-0.3;-0.6;+0.7;-0.2;+0.9;+0.6;+1.1;+0.1;+0.1;-0.2;+0.5;2017-2018
Oklahoma City;+3.4;+1.4;+4.0;-0.5;-0.4;-0.2;-1.3;+1.0;+3.0;-5.2;+2.9;0.0;+2.8;-1.9;+1.3;+0.4;-1.6;-1.1;2017-2018
San Antonio;+2.8;+0.8;+1.0;+0.4;-0.6;-2.1;+0.3;+1.8;+2.0;+1.3;+1.1;+0.5;+1.6;+1.0;0.0;+1.7;-0.8;-2.5;2017-2018
Portland;+2.5;+0.9;+1.0;+0.5;+0.6;+1.5;+0.1;+0.1;-1.0;+4.4;+0.8;+1.6;+2.5;-0.6;-0.3;0.0;+0.6;+0.4;2017-2018
Minnesota;+2.2;+0.8;+1.4;+0.1;-2.8;-7.1;-0.9;+3.4;+3.6;+2.5;+0.5;-0.4;+0.1;-1.2;+1.9;-0.4;-2.7;-2.6;2017-2018
Denver ;+1.4;-0.5;-0.1;-0.6;+0.5;+2.0;-0.7;+2.0;+1.9;+2.8;+1.2;+1.6;+2.8;+0.3;-0.3;+0.1;+0.9;-2.0;2017-2018
Indiana ;+1.3;+1.4;+1.5;+0.7;-1.5;-5.9;+2.0;+0.1;-0.3;+2.1;-0.6;0.0;-0.6;-1.0;+1.7;-1.0;-2.0;+0.3;2017-2018
New Orleans;+1.3;+0.9;-3.6;+2.9;-0.6;-2.4;+0.6;0.0;+0.4;-1.2;-2.1;+0.9;-1.1;+3.0;-0.1;+1.7;+0.5;-1.2;2017-2018
Cleveland ;+0.9;-1.4;-3.5;+0.2;+0.3;+0.4;+0.3;+3.5;+3.9;+2.3;-1.4;0.0;-1.5;-2.5;-0.3;-0.3;+0.4;-2.0;2017-2018
Washington;+0.5;+0.9;+1.2;+0.4;-0.2;-2.6;+2.5;-1.1;-1.7;+1.0;+0.2;+0.3;+0.5;+2.8;0.0;-0.3;-0.3;+1.3;2017-2018
Miami;+0.4;+1.1;+1.5;+0.5;+1.4;+3.9;0.0;-3.2;-3.4;-2.7;+0.2;+0.1;+0.3;+1.7;0.0;+0.7;0.0;+0.7;2017-2018
Charlotte ;+0.2;-2.1;-1.1;-1.8;-1.2;-2.8;-0.6;+5.7;+8.8;-4.7;+1.6;+0.1;+1.7;-3.1;+0.2;-0.3;-0.7;-5.2;2017-2018
L.A. Clippers;0.0;0.0;-2.3;+1.2;-1.2;-3.4;-0.1;+1.2;+2.8;-3.8;-0.4;+0.7;+0.2;-2.2;-0.8;-1.0;+0.5;-2.0;2017-2018
Detroit;-0.1;0.0;+1.7;-0.8;-0.2;-1.8;+1.4;0.0;+0.8;-3.1;+0.9;-0.9;0.0;-2.3;+0.3;-0.9;-1.4;0.0;2017-2018
Milwaukee;-0.3;+0.5;-0.6;+1.0;-1.3;-2.4;-1.7;-0.1;-0.1;0.0;-1.5;-1.3;-2.8;-0.4;+1.6;+0.9;-1.5;+1.4;2017-2018
L.A. Lakers;-1.5;-0.3;-1.5;+0.4;-0.4;-1.0;-0.1;-0.4;+0.8;-4.6;+0.4;+1.1;+1.5;+0.2;-0.5;-0.7;+1.6;+0.6;2017-2018
Dallas ;-3.0;-1.1;+2.0;-2.4;+1.1;+3.3;-0.2;-1.9;-2.7;+0.6;-0.7;-3.7;-4.5;-0.8;-0.1;-0.7;-1.5;-0.3;2017-2018
New York;-3.5;+1.2;+1.4;+0.6;-2.9;-7.0;-1.6;-3.0;-4.2;+1.2;+0.2;+0.6;+0.8;-0.6;-1.4;+0.3;+1.3;+2.1;2017-2018
Brooklyn ;-3.7;-3.4;-2.6;-2.5;+3.6;+11.1;-1.2;-0.5;-0.8;+0.6;-0.7;-1.5;-2.3;+1.9;-1.4;-0.7;+2.2;+0.8;2017-2018
Orlando;-4.8;-2.1;-1.6;-1.5;+0.3;+1.7;-1.1;-0.9;-0.7;-1.5;-1.7;-2.4;-4.2;-0.9;-0.2;0.0;+0.4;+0.2;2017-2018
Atlanta;-5.4;-2.5;-1.1;-2.3;-0.3;+0.3;-1.6;0.0;-0.3;+1.3;-1.1;-1.1;-2.3;-2.3;-0.8;-1.2;+0.3;-0.6;2017-2018
Memphis;-6.2;-0.4;+2.4;-1.8;-1.4;-2.7;-1.5;-3.9;-5.6;+1.7;0.0;-1.9;-1.9;-0.5;-0.5;-0.3;+0.4;+2.7;2017-2018
Sacramento ;-6.9;0.0;+3.7;-1.9;-2.9;-7.5;-0.2;-4.1;-4.7;-3.0;+0.3;-3.2;-2.8;-2.0;0.0;-0.5;-0.4;+2.6;2017-2018
Chicago;-7.0;-2.3;+2.0;-3.7;-1.0;-1.5;-1.4;-1.3;-1.0;-2.8;+1.2;-2.2;-1.0;-2.4;+0.4;-1.6;+0.3;+1.7;2017-2018
Phoenix;-9.3;-3.3;-1.6;-2.9;-1.6;-1.3;-3.9;-1.0;-0.6;-2.5;-0.1;-1.5;-1.7;-2.0;-1.7;-1.4;+2.0;+1.1;2017-2018
Golden State;+11.6;+4.2;-2.0;+5.9;+2.9;+3.4;+5.9;0.0;-0.6;+2.6;-2.3;+3.2;+0.9;+7.6;+0.9;+2.9;-0.3;0.0;2016-2017
San Antonio;+7.1;+2.3;+0.2;+2.6;+1.0;-0.1;+4.6;+1.5;+1.2;+2.6;+0.2;+2.1;+2.4;+2.4;+0.5;+1.8;-0.9;-1.5;2016-2017
Houston ;+5.7;-0.8;-1.6;-0.1;+4.4;+11.1;+1.3;+3.0;+4.3;-1.2;+0.1;+0.1;+0.3;+1.1;-0.3;-0.6;+0.1;-0.4;2016-2017
L.A. Clippers;+4.2;+0.9;-2.1;+2.3;+1.0;+1.1;+2.5;+1.2;+2.5;-2.6;-1.2;+1.0;-0.1;-0.5;+0.4;+1.0;-0.1;-2.5;2016-2017
Toronto ;+4.2;+1.9;+1.4;+1.5;-0.8;-2.9;+0.8;+1.1;+0.9;+1.6;+0.4;+0.6;+1.1;-3.2;+1.5;0.0;-2.1;+0.5;2016-2017
Utah ;+3.9;+0.6;-2.5;+2.2;+1.4;+3.0;+1.3;+1.1;+2.1;-2.1;+0.3;+2.6;+3.0;+2.2;-0.5;+1.1;+1.4;-1.3;2016-2017
Cleveland ;+3.1;-0.7;-3.9;+1.2;+2.6;+5.1;+2.2;+1.9;+3.2;-2.5;-1.6;+1.1;-0.4;-2.0;-0.7;-0.2;+1.1;-2.4;2016-2017
Boston;+2.6;0.0;-0.6;+0.3;+3.0;+6.4;+2.7;-0.4;-1.6;+3.8;-1.6;-0.8;-2.5;+2.6;0.0;-1.0;-0.7;+0.2;2016-2017
Washington;+1.8;+1.6;+1.9;+0.8;-0.6;-2.3;+0.8;-0.8;-2.0;+3.2;-0.3;+0.1;-0.1;+1.0;+1.0;-0.4;-1.3;+1.5;2016-2017
Miami;+1.0;+1.1;+1.6;+0.4;+2.0;+4.2;+2.2;-3.2;-2.0;-7.6;+0.4;-0.3;0.0;+1.5;+0.3;+0.8;-0.4;+1.8;2016-2017
Oklahoma City;+0.7;+0.2;+2.0;-0.7;-0.3;+0.9;-2.8;+0.6;+1.4;-1.8;+3.0;+2.9;+5.9;-0.4;-0.6;-0.5;+1.4;+0.2;2016-2017
Denver ;+0.5;-0.9;-0.6;-0.7;+0.7;+2.5;-0.7;+1.6;+2.3;-0.8;+2.3;+3.1;+5.5;+1.2;-1.3;-0.9;+2.9;-1.0;2016-2017
Memphis;+0.4;+1.4;+4.7;-0.7;-0.5;-1.5;0.0;-1.8;-3.4;+3.1;+1.5;-0.8;+0.6;+1.2;+0.9;-0.8;-1.2;+1.6;2016-2017
Chicago;+0.4;-0.8;+0.5;-1.2;-1.3;-3.5;-0.4;+3.3;+3.5;+2.7;+1.9;+1.2;+3.1;-1.0;+0.5;+0.1;0.0;-1.0;2016-2017
Charlotte ;+0.1;-1.7;-1.1;-1.4;-1.5;-2.8;-1.7;+5.2;+5.5;+3.8;-0.1;-0.6;-0.8;-1.4;+0.3;-0.7;-1.4;-3.3;2016-2017
Milwaukee;-0.1;+0.8;-1.0;+1.5;-1.1;-4.4;+1.6;-0.6;-0.7;-0.2;-1.5;-0.5;-2.0;+0.1;+0.6;+0.7;-0.5;+0.9;2016-2017
Indiana ;-0.2;+1.2;+0.2;+1.3;-1.7;-6.1;+2.0;-1.0;-1.9;+2.1;-1.6;-0.5;-2.2;+0.1;0.0;0.0;-1.0;0.0;2016-2017
Portland;-0.5;+0.3;-0.1;+0.4;+1.0;+2.6;+0.4;-2.3;-2.8;-0.5;0.0;-0.3;-0.3;+0.5;-0.7;-0.2;+0.7;+1.3;2016-2017
Atlanta;-0.8;-0.6;-2.8;+0.7;-2.0;-4.4;-1.5;+2.4;+4.6;-4.4;-0.4;+0.8;+0.4;+0.2;-0.8;-0.3;+0.5;-3.3;2016-2017
Minnesota;-1.1;-0.1;+1.1;-0.8;-2.5;-5.9;-1.7;+1.7;+1.2;+3.0;+1.6;+0.3;+2.0;+0.5;+0.3;-0.5;-0.4;-0.4;2016-2017
Detroit;-1.1;+1.5;+5.5;-1.1;-1.6;-2.2;-3.5;-2.5;-1.7;-6.1;+3.0;-0.2;+2.8;-2.4;+0.2;-0.3;-0.7;+0.4;2016-2017
New Orleans;-2.0;-0.9;-2.0;0.0;-1.1;-3.0;-0.3;+0.9;+1.5;-1.2;-2.0;-2.5;-4.6;-0.6;+0.4;+1.2;-1.0;-1.1;2016-2017
Dallas ;-2.9;-0.8;+3.3;-2.8;+1.0;+4.8;-2.4;-2.3;-3.7;+2.9;-0.9;-4.9;-5.9;-0.4;+0.9;+0.3;-3.3;-0.2;2016-2017
New York;-3.6;-0.1;+1.1;-0.7;-1.2;-3.5;0.0;-2.0;-3.1;+1.6;+0.3;0.0;+0.4;0.0;-0.4;+0.9;+0.8;+1.8;2016-2017
Sacramento ;-3.8;-0.5;-1.0;0.0;-1.9;-6.1;+1.2;-0.7;-0.9;-0.2;-1.3;-0.4;-1.8;-1.1;-0.8;-1.1;+0.8;+0.2;2016-2017
Phoenix;-5.6;-0.3;+2.3;-1.6;-2.5;-3.7;-5.0;-2.3;-2.7;-0.6;+1.6;-0.7;+0.9;-2.6;+0.1;-0.4;+0.4;+2.5;2016-2017
Philadelphia;-5.6;-1.9;-0.6;-1.9;+1.2;+4.8;-1.6;-3.1;-4.0;-0.1;-0.9;-1.1;-2.1;+1.0;-0.1;-0.3;+1.4;+2.2;2016-2017
Orlando;-6.5;-2.0;+0.6;-2.6;-1.1;-0.2;-3.9;-1.4;-1.3;-1.9;0.0;-2.4;-2.3;-1.4;-0.5;-0.2;+0.4;+0.6;2016-2017
Brooklyn ;-6.7;-3.8;-5.6;-1.4;+0.7;+4.3;-2.7;+0.1;-0.3;+1.6;-2.2;-1.0;-3.2;-1.6;-2.2;-0.8;+3.0;+0.6;2016-2017
L.A. Lakers;-6.8;-2.2;+1.3;-3.2;-1.2;-1.6;-2.3;-1.2;-1.3;-0.8;+1.0;-2.0;-0.9;-4.8;-0.2;-1.4;+0.5;;2016-2017
Golden State;+10.7;+3.6;-2.0;+5.2;+5.3;+8.0;+8.3;-1.9;-2.7;+0.6;-1.4;+3.7;+2.3;+6.7;-0.2;+1.9;+1.0;+0.9;2015-2016
San Antonio;+10.6;+4.4;+1.0;+4.7;+0.3;-1.4;+4.4;+1.4;+0.7;+4.4;+0.2;+3.1;+3.3;+3.6;+1.0;+2.0;-1.7;-2.0;2015-2016
Oklahoma City;+7.2;+2.7;-1.3;+3.8;+0.1;0.0;+0.6;+1.7;+1.4;+2.5;+1.8;+6.6;+8.4;+1.4;-1.4;+1.3;+2.9;+0.4;2015-2016
Cleveland ;+6.0;+1.8;+1.8;+1.2;+2.8;+6.9;+1.4;-0.5;-0.8;+0.4;+1.3;+2.1;+3.4;+1.2;-0.4;-0.5;0.0;-0.2;2015-2016
Toronto ;+4.5;+0.1;-0.7;+0.6;-0.1;0.0;-0.3;+4.2;+4.6;+2.8;+0.6;+1.9;+2.6;-2.9;+1.2;0.0;-0.7;-2.3;2015-2016
L.A. Clippers;+4.2;+1.5;-2.2;+3.0;+1.8;+3.4;+2.6;-0.6;+1.1;-5.8;-3.0;-1.6;-4.6;+1.6;+1.5;+2.4;-2.2;-1.1;2015-2016
Atlanta;+3.6;+1.4;-1.6;+2.6;+1.6;+3.8;+1.2;-1.0;-2.0;+2.7;-3.2;-1.1;-4.4;+3.5;+0.5;+0.9;-0.9;+0.8;2015-2016
Boston;+3.2;+1.7;+4.2;-0.1;+0.9;+2.8;-0.1;-1.1;-2.5;+3.2;+0.2;-1.2;-1.0;+3.2;+1.5;-1.2;-2.3;+0.9;2015-2016
Charlotte ;+2.7;-0.7;-0.5;-0.5;+1.7;+4.0;+1.3;+2.4;+2.5;+2.1;0.0;-0.8;-0.7;-1.5;+0.5;-0.1;-1.1;-2.2;2015-2016
Utah ;+1.7;+0.4;+0.5;+0.2;+0.5;+1.6;-0.1;+0.3;+0.5;-0.2;+1.4;+1.7;+3.1;-0.1;-0.2;+0.4;+0.8;+0.3;2015-2016
Indiana ;+1.7;+0.9;+0.2;+0.9;-0.1;-1.7;+1.7;0.0;-0.3;+1.2;-0.3;0.0;-0.3;+0.4;+1.3;+0.3;-0.8;-0.4;2015-2016
Miami;+1.6;+1.1;-2.6;+2.8;-1.3;-3.1;-1.0;+0.6;+1.5;-2.5;0.0;+2.8;+2.8;+0.6;-0.7;+2.3;+0.9;-1.2;2015-2016
Portland;+0.8;+0.2;+1.1;-0.3;+2.0;+5.4;0.0;-1.6;-2.9;+2.0;+0.9;+0.8;+1.7;-0.2;-0.8;-0.5;+1.2;+2.2;2015-2016
Detroit;+0.6;-0.8;+2.2;-2.1;+1.7;+5.7;-1.0;+0.5;+4.5;-11.4;+3.6;+0.1;+3.7;-2.0;-0.1;-0.7;0.0;-2.6;2015-2016
Houston ;+0.1;-1.2;-1.5;-0.6;+1.0;+3.9;-1.4;+1.7;+4.7;-6.1;-0.4;-1.0;-1.5;-2.3;+1.0;+0.3;-0.5;-0.6;2015-2016
Dallas ;-0.3;-0.9;-0.8;-0.6;+0.7;+2.0;+0.1;+0.8;-0.5;+5.6;-1.4;-1.2;-2.7;+0.1;-0.6;-0.6;-1.0;-1.9;2015-2016
Washington;-0.5;+0.8;+2.0;-0.1;-0.3;0.0;-1.3;-1.8;-1.1;-3.9;-0.3;-2.0;-2.4;+1.9;+0.5;-0.4;-1.6;+0.6;2015-2016
Chicago;-1.4;-0.8;-1.9;0.0;0.0;-1.6;+2.6;+0.2;-1.1;+4.9;-0.7;+1.1;+0.3;+0.2;-1.9;0.0;+2.0;+0.1;2015-2016
Orlando;-1.6;+1.1;+3.2;-0.4;-1.1;-2.7;-0.8;-2.6;-3.9;+1.1;+0.1;-1.1;-0.9;+0.4;+0.6;-0.3;-0.9;+2.4;2015-2016
Memphis;-2.2;+0.8;+4.8;-1.6;-3.5;-8.0;-3.3;-0.4;-1.0;+1.4;+1.0;-2.6;-1.5;-1.1;+1.8;-1.4;-2.7;+0.6;2015-2016
Sacramento ;-2.4;-0.5;-1.3;+0.1;-2.1;-5.5;-0.7;+0.7;+2.2;-3.7;-0.7;0.0;-0.7;+0.2;+0.1;-0.8;0.0;-1.5;2015-2016
New York;-2.7;-1.1;-1.8;-0.3;-0.1;-0.9;+0.5;-0.2;-1.8;+5.1;-0.4;+0.6;+0.1;-0.2;-1.4;+1.5;+1.8;+1.1;2015-2016
Denver ;-3.0;-1.0;+1.2;-1.9;-1.1;-1.1;-3.3;+0.2;+0.1;+0.4;+1.7;+0.2;+1.9;-0.8;-0.6;-1.4;+1.0;+0.1;2015-2016
Minnesota;-3.5;-2.2;-3.5;-0.6;-3.4;-9.0;-1.7;+4.3;+4.5;+3.5;-0.6;+0.3;-0.3;+0.7;+0.2;-0.6;+0.1;-0.8;2015-2016
New Orleans;-3.7;-0.7;+1.9;-2.0;-0.6;-1.1;-0.9;-1.5;-1.8;-0.6;+0.6;-2.4;-1.8;-0.9;+0.3;-0.9;-0.1;+1.0;2015-2016
Milwaukee;-4.1;+0.5;-0.9;+1.2;-3.9;-10.9;-0.7;-1.3;-1.1;-2.0;-1.0;-0.2;-1.3;-1.4;0.0;+0.1;-0.1;+1.1;2015-2016
Phoenix;-6.6;-1.9;+1.8;-3.2;-0.3;+0.9;-2.8;-2.4;-3.3;+0.1;+1.5;-0.4;+1.1;-1.6;-1.8;-1.6;+2.2;+1.0;2015-2016
Brooklyn ;-7.3;-2.5;-0.7;-2.5;-2.9;-7.2;-1.6;+0.7;+1.1;-0.6;+0.2;-1.2;-1.0;-2.1;-1.1;-1.1;+0.7;-0.4;2015-2016
L.A. Lakers;-9.5;-5.4;-0.8;-5.9;-0.7;0.0;-3.0;+1.9;+1.0;+4.9;-0.2;-3.2;-3.5;-6.6;-0.2;-1.4;+0.9;+1.0;2015-2016
Philadelphia;-10.2;-3.4;-1.4;-3.3;+1.5;+5.8;-2.0;-4.8;-3.5;-9.2;-1.6;-4.6;-6.3;-1.8;-0.3;+0.3;+1.1;;2015-2016
Golden State;+10.0;+4.6;+0.6;+4.9;+3.5;+5.6;+6.1;-2.6;-3.6;+0.5;-1.3;+1.5;+0.1;+6.4;+1.0;+2.4;-1.4;+1.0;2014-2015
L.A. Clippers;+6.5;+2.9;+1.0;+3.0;+1.7;+2.9;+2.6;-1.1;-0.4;-3.0;-1.0;+0.7;-0.2;+1.5;+1.1;+2.0;-1.7;-0.2;2014-2015
San Antonio;+6.1;+2.0;0.0;+2.4;+1.4;+3.6;+0.6;+0.7;0.0;+3.4;0.0;+1.5;+1.4;+3.6;+0.1;+1.0;0.0;-0.5;2014-2015
Atlanta;+5.4;+1.5;-1.4;+2.7;+1.1;+0.4;+3.9;+1.0;+1.0;+1.3;-2.8;-0.2;-3.0;+2.1;+1.7;-0.2;-1.9;-1.8;2014-2015
Cleveland ;+4.4;-0.3;-1.3;+0.2;+2.3;+4.9;+2.3;+2.9;+3.7;+0.6;+0.3;+1.5;+1.8;-1.9;-0.4;-0.3;+0.9;-2.1;2014-2015
Portland;+4.2;+0.5;-0.9;+1.0;+3.4;+8.2;+2.4;-0.3;-1.5;+4.2;-0.2;+1.5;+1.2;+1.5;-1.5;+0.9;+1.6;-0.4;2014-2015
Houston ;+3.4;-0.7;-1.8;+0.1;+4.0;+9.7;+2.6;+0.9;+2.4;-3.6;-0.1;0.0;-0.1;+0.8;+0.6;-0.3;+0.4;+0.8;2014-2015
Memphis;+3.2;+1.7;+0.9;+1.5;-2.9;-7.8;-1.1;+2.6;+2.6;+3.1;0.0;+0.2;+0.1;+1.5;+1.1;-0.9;-1.6;-1.1;2014-2015
Toronto ;+3.0;0.0;+0.5;-0.3;+1.1;+2.8;+0.6;+2.1;+1.1;+5.3;-0.5;-0.4;-0.9;-2.0;+0.5;-0.6;-1.5;+0.5;2014-2015
Chicago;+3.0;-1.1;-3.8;+0.6;+1.3;+2.6;+1.8;+3.9;+4.1;+3.3;0.0;+2.3;+2.3;+1.5;-1.2;+0.4;+1.5;-2.9;2014-2015
Dallas ;+2.9;+1.6;+1.2;+1.2;-0.1;+0.5;-1.2;-0.3;-0.4;-0.1;-1.8;-2.0;-3.8;+0.1;+0.7;+0.6;-2.9;-2.0;2014-2015
Oklahoma City;+2.1;+1.2;+1.3;+0.7;-0.5;-1.4;-0.4;+0.3;+0.1;+0.9;+1.6;+3.1;+4.7;-1.6;-0.5;+0.9;+1.1;+1.8;2014-2015
New Orleans;+0.7;0.0;-0.2;+0.1;+0.5;-0.2;+3.5;+0.1;+0.4;-0.7;+0.8;+1.0;+1.9;+1.2;0.0;+0.4;+0.8;0.0;2014-2015
Washington;+0.7;+2.1;-0.6;+2.9;-1.9;-6.1;+1.1;-1.5;-2.2;+0.3;+0.5;+2.4;+2.9;+4.0;-0.6;+0.3;+1.0;+1.1;2014-2015
Milwaukee;+0.4;+2.0;+0.5;+2.2;-1.5;-5.7;+2.0;-2.0;-3.1;+1.5;-0.7;0.0;-0.7;+1.2;+0.9;+0.1;-0.6;+2.0;2014-2015
Indiana ;+0.2;+0.5;+0.4;+0.4;+0.2;+0.3;+0.6;-1.1;-1.6;+0.2;+0.6;+1.4;+2.1;+1.5;-1.3;-0.1;+1.1;-0.1;2014-2015
Utah ;+0.2;-0.4;-1.1;+0.1;0.0;+1.3;-1.9;+1.0;+2.0;-2.2;+2.1;+2.5;+4.7;+0.4;-0.6;+1.3;+1.6;-0.2;2014-2015
Boston;+0.1;+0.8;+3.2;-0.7;+0.6;+2.6;-0.9;-2.1;-2.8;0.0;+0.2;-1.0;-0.8;+2.5;+1.1;-1.6;-1.3;+2.3;2014-2015
Phoenix;-0.9;+0.3;+0.8;0.0;+0.7;+3.0;-1.1;-2.4;-3.2;+0.1;-0.6;-1.5;-2.1;-0.9;+0.5;+0.5;-0.4;+0.9;2014-2015
Detroit;-1.0;-0.7;+2.6;-2.3;+0.8;+3.0;-1.0;-0.2;+1.6;-6.9;+2.1;-1.3;+0.7;-2.1;+0.6;0.0;-0.7;-0.3;2014-2015
Miami;-2.5;-0.9;-2.3;+0.1;-1.3;-2.7;-1.7;+0.5;+0.4;+1.1;-1.7;0.0;-1.8;-1.4;0.0;+0.1;-0.1;-0.9;2014-2015
Brooklyn ;-2.8;-0.9;-1.3;-0.4;-1.8;-3.7;-2.6;+0.9;+0.8;+1.6;-1.1;-0.8;-1.9;-2.7;-0.8;-0.3;+0.3;-0.7;2014-2015
Charlotte ;-3.1;-1.3;+0.8;-1.9;-1.8;-3.0;-3.9;+1.2;+2.3;-2.4;+1.1;-1.1;0.0;-1.9;0.0;0.0;-0.8;-2.6;2014-2015
Denver ;-3.5;-0.7;+3.0;-2.5;+0.3;+2.5;-2.1;-2.3;-2.6;-1.3;+1.3;-1.7;-0.3;-1.2;+0.3;-1.6;+0.1;+2.2;2014-2015
Sacramento ;-3.7;-2.7;-5.8;-0.1;-3.1;-8.5;-0.7;+4.9;+6.1;+1.3;0.0;+3.0;+3.0;-2.9;-1.9;-2.2;+3.0;-3.1;2014-2015
Orlando;-5.7;-0.4;+0.8;-1.0;-1.5;-3.1;-2.1;-3.2;-3.8;-2.1;0.0;-1.6;-1.6;-2.7;+0.1;-1.5;+0.4;+3.0;2014-2015
L.A. Lakers;-6.8;-1.5;+2.4;-3.1;-2.0;-4.5;-1.8;-1.7;-2.2;-0.4;+1.5;-1.8;-0.2;-3.0;-0.4;-0.3;+0.2;+1.8;2014-2015
Minnesota;-8.7;-4.7;-1.3;-4.8;-3.5;-8.2;-3.5;+4.1;+4.9;+1.6;0.0;-2.5;-2.6;-1.9;-0.2;-1.4;-0.3;-2.1;2014-2015
Philadelphia;-8.9;-3.4;0.0;-4.0;+0.4;+3.4;-2.9;-2.5;-0.8;-8.0;+0.4;-3.8;-3.4;-3.1;+0.1;+0.4;+0.9;+1.4;2014-2015
New York;-9.3;-1.8;+1.6;-3.1;-1.6;-2.5;-3.3;-4.0;-5.5;+0.9;-0.3;-2.7;-3.1;-0.4;-1.0;+0.3;+0.3;+2.4;2014-2015
San Antonio;+7.7;+2.8;-1.6;+4.2;+2.0;+3.1;+4.4;0.0;-0.5;+2.5;-1.2;+2.2;+1.0;+4.8;-0.2;+0.5;+0.7;-1.0;2013-2014
L.A. Clippers;+6.9;+1.7;-2.4;+3.3;+1.1;+2.1;+2.0;+2.3;+4.0;-2.4;-1.8;+1.1;-0.7;+1.3;+1.6;+1.3;-1.3;-1.8;2013-2014
Oklahoma City;+6.3;+2.5;-0.7;+3.4;-0.5;-1.5;+0.2;+1.7;-0.3;+7.8;-0.1;+3.9;+3.8;+0.1;+0.1;+2.5;+0.3;+2.2;2013-2014
Golden State;+4.8;+2.6;+1.0;+2.5;+2.4;+4.6;+3.6;-2.9;-3.5;-1.2;+0.2;+1.8;+2.0;+2.7;0.0;+0.7;+0.4;+2.4;2013-2014
Miami;+4.7;+2.2;-2.4;+4.3;-0.3;-1.0;+0.1;+0.6;+0.6;+0.9;-3.1;-0.2;-3.4;+1.1;+0.7;+1.3;-1.3;-0.9;2013-2014
Houston ;+4.5;-0.9;-7.5;+2.9;+1.3;+3.5;+0.4;+5.1;+8.5;-4.4;-0.6;+4.3;+3.6;-0.8;-1.0;0.0;+2.0;-3.8;2013-2014
Indiana ;+4.4;+1.2;-2.5;+2.8;+0.1;-0.2;+1.2;+1.8;+1.6;+2.4;-0.2;+3.7;+3.5;+1.5;-0.5;+0.8;+1.2;-1.4;2013-2014
Portland;+3.9;-0.5;-0.8;-0.1;+2.8;+6.9;+1.6;+2.1;+1.2;+4.8;+0.9;+2.0;+2.9;+2.7;-2.2;+1.0;+1.7;-1.4;2013-2014
Toronto ;+3.2;+0.4;+1.7;-0.4;+1.7;+4.1;+1.1;+0.6;-0.1;+3.0;+0.9;+0.5;+1.5;+0.2;-0.2;-0.1;-0.8;+0.8;2013-2014
Minnesota;+2.6;-1.6;+1.5;-2.6;-0.7;-0.7;-2.2;+6.6;+8.0;+2.1;+1.4;-0.8;+0.5;+1.0;+0.9;-1.9;-2.5;-5.2;2013-2014
Phoenix;+2.6;+0.6;0.0;+0.7;+2.5;+5.1;+3.1;-1.2;-1.3;-0.7;0.0;+0.1;+0.2;-1.2;+0.9;+0.5;+0.1;+0.5;2013-2014
Dallas ;+2.4;+1.8;+2.2;+0.9;+0.5;-0.1;+2.5;-1.8;-3.4;+3.7;-1.2;-0.6;-1.9;+1.5;+0.8;+0.8;-2.1;0.0;2013-2014
Chicago;+1.8;-0.2;-1.0;+0.1;-0.3;-0.8;-0.2;+2.8;+2.9;+2.5;+0.7;+2.1;+2.8;+3.1;-0.3;-0.8;+0.2;-1.8;2013-2014
Memphis;+1.5;+2.4;+2.7;+1.4;-2.5;-7.1;-0.2;-0.6;-0.2;-2.5;+1.7;+1.5;+3.2;+1.9;+0.4;-0.4;-0.7;+0.1;2013-2014
Washington;+1.2;+1.6;+3.5;+0.1;+0.4;-0.7;+3.2;-2.5;-2.4;-3.4;+0.7;-0.7;0.0;+1.0;+0.4;+0.6;-1.3;+0.9;2013-2014
Charlotte;-0.2;-0.5;-1.3;0.0;-1.8;-4.0;-1.8;+2.7;+4.2;-2.1;-0.1;-0.5;-0.6;+0.7;-0.1;0.0;-1.1;-2.7;2013-2014
Atlanta;-0.4;-1.2;-1.8;-0.4;+1.3;+3.9;-0.1;+0.6;-0.1;+3.3;-2.0;-1.5;-3.5;+1.7;0.0;-0.3;0.0;-0.8;2013-2014
New York;-0.7;+1.1;+4.1;-0.9;+0.5;+1.4;+0.1;-3.6;-4.6;-0.3;+0.3;-1.9;-1.6;+0.2;+1.4;+1.0;-1.4;+2.4;2013-2014
Brooklyn ;-1.0;-0.5;-1.4;0.0;+0.5;+1.4;+0.1;-0.3;-0.2;-0.6;-2.4;-2.2;-4.7;-0.1;+1.1;-0.3;-1.0;+0.8;2013-2014
Denver ;-2.1;-1.1;-0.5;-1.0;+1.1;+2.8;+0.7;-1.1;-0.1;-3.7;+0.9;+0.6;+1.5;0.0;-0.9;0.0;+1.4;+1.3;2013-2014
New Orleans;-2.7;+0.5;+2.3;-0.6;-2.0;-6.3;+1.6;-1.8;-2.9;+1.6;+0.6;-0.6;0.0;-1.2;+0.8;+0.2;-0.9;+2.3;2013-2014
Sacramento ;-2.9;-0.9;+0.3;-1.3;-2.4;-4.3;-4.6;+1.4;+1.1;+2.1;+2.1;+1.0;+3.2;-4.6;-0.6;-1.7;+1.4;-0.5;2013-2014
Cleveland ;-3.2;-0.7;+1.3;-1.5;-2.2;-5.4;-1.1;+0.4;+0.7;-0.5;+1.8;-0.2;+1.5;-3.6;0.0;-1.9;+0.1;+0.5;2013-2014
Detroit;-3.6;-0.3;+3.7;-2.3;-2.1;-3.5;-4.3;-0.8;+1.7;-8.5;+3.4;-1.0;+2.3;-3.5;+0.2;0.0;-0.5;-0.4;2013-2014
Boston;-4.4;-1.2;+2.5;-2.9;+0.4;+2.1;-1.4;-2.3;-3.5;+1.5;+1.3;-1.1;+0.2;-1.0;-0.3;-0.3;+0.7;+2.1;2013-2014
Orlando;-5.4;-1.2;-0.9;-1.0;-1.1;-2.2;-1.7;-1.7;-2.0;-0.7;-0.7;-1.1;-1.9;-1.4;+0.5;-1.1;+0.6;+2.1;2013-2014
L.A. Lakers;-6.2;-3.6;-4.5;-1.8;+1.3;+2.3;+1.9;-0.2;-1.3;+3.0;-3.9;-4.0;-7.9;-1.2;-2.1;+0.7;+1.2;+0.5;2013-2014
Utah ;-7.1;-2.2;+0.1;-2.9;-0.6;-0.1;-3.2;-1.9;-1.7;-2.6;+0.7;-1.9;-1.2;-1.5;-0.5;-0.4;+1.7;+0.3;2013-2014
Milwaukee;-8.1;-2.3;+0.1;-2.9;-1.8;-3.3;-2.8;-1.6;-2.0;-0.4;+0.1;-2.5;-2.4;-1.3;-1.2;-0.1;+0.7;+0.2;2013-2014
Philadelphia;-10.4;-2.1;+2.1;-3.6;-1.9;-1.8;-5.7;-4.1;-4.1;-4.3;-0.3;-3.8;-4.1;-4.3;+0.3;-2.7;+0.1;+1.9;2013-2014
Oklahoma City;+9.2;+1.9;-5.7;+5.5;-0.1;-2.1;+3.0;+5.4;+5.1;+5.4;-1.6;+4.5;+2.9;+0.8;0.0;+3.6;+0.4;-0.5;2012-2013
Miami;+7.8;+2.7;-3.4;+5.5;+1.1;+0.3;+4.6;+1.1;+1.8;-1.1;-2.9;+1.4;-1.5;+2.8;+0.7;+2.1;-1.4;-1.7;2012-2013
L.A. Clippers;+6.4;+3.9;+2.5;+3.5;0.0;+0.8;-1.4;-1.5;-0.8;-3.8;+0.5;+1.9;+2.5;+1.7;+2.1;+1.5;-1.5;0.0;2012-2013
San Antonio;+6.4;+1.5;-3.4;+3.8;+1.7;+3.5;+2.3;+1.4;+1.0;+3.1;-3.0;+1.7;-1.2;+3.6;+0.2;+0.5;-0.1;-1.6;2012-2013
Denver ;+5.0;+2.6;-0.5;+3.3;-2.0;-4.5;-1.9;+1.7;+3.5;-3.0;+0.8;+2.5;+3.4;+0.8;+1.2;-0.2;-0.4;-1.1;2012-2013
New York;+4.2;+0.9;+3.9;-1.0;+3.0;+7.0;+1.8;-0.7;-1.1;+0.2;+0.8;-1.8;-1.0;0.0;+1.8;-0.4;-2.9;+0.9;2012-2013
Memphis;+4.1;+2.6;+4.4;+0.8;-1.4;-4.6;+0.6;+0.3;-0.2;+2.4;+2.6;+1.0;+3.6;+1.4;+1.2;-0.1;-1.5;+0.2;2012-2013
Indiana ;+4.0;+0.5;-1.6;+1.5;+1.4;+3.1;+1.9;+1.4;+2.3;-1.4;+1.6;+3.3;+4.9;+1.1;-0.3;+0.6;+1.5;-1.9;2012-2013
Houston ;+3.4;-0.7;-2.7;+0.6;+2.5;+6.9;-0.1;+2.4;+3.8;-2.2;+0.4;+1.3;+1.7;+0.5;-0.1;-1.6;+1.6;-0.1;2012-2013
Brooklyn ;+1.7;-1.5;-0.8;-1.3;+1.3;+4.2;-0.9;+3.4;+4.7;0.0;+2.0;+1.5;+3.5;-1.0;-0.1;0.0;+0.9;-3.0;2012-2013
L.A. Lakers;+1.1;-2.5;-6.5;+0.4;+1.2;+3.6;-0.1;+5.0;+8.4;-4.0;0.0;+2.2;+2.1;-1.2;-1.4;+0.4;+2.2;-5.1;2012-2013
Golden State;+0.8;+0.9;-1.3;+1.8;0.0;-3.2;+5.6;-1.0;-2.6;+4.2;-0.2;+2.4;+2.2;-1.0;-1.2;-0.6;+1.8;+2.2;2012-2013
Atlanta;+0.4;+0.1;-2.1;+1.3;+1.0;+3.2;-0.7;-0.9;0.0;-4.7;-2.0;-0.8;-2.8;+2.2;-0.3;+0.2;-0.3;-0.8;2012-2013
Chicago;+0.3;+0.2;+1.6;-0.5;0.0;-0.5;+0.6;0.0;-1.0;+3.3;+1.5;+0.5;+2.0;+4.1;-0.1;-0.7;+0.5;0.0;2012-2013
Utah ;0.0;+0.5;+1.9;-0.4;-0.6;-1.5;-0.4;-0.4;-0.8;+0.6;+1.0;+0.1;+1.2;+2.0;+0.6;+0.4;0.0;+0.9;2012-2013
Boston;-0.2;+0.9;-2.2;+2.3;-0.6;-2.7;+1.6;-1.4;-2.9;+3.5;-3.3;-0.8;-4.2;+1.1;+0.4;-0.1;-0.5;+1.7;2012-2013
Dallas ;-0.5;+1.4;0.0;+1.6;-0.4;-1.9;+1.3;-2.9;-5.0;+3.9;-2.6;-1.0;-3.6;+1.2;-0.6;+1.3;-0.5;+1.8;2012-2013
Toronto ;-1.4;0.0;+2.3;-1.1;+0.3;+1.8;-1.8;-1.9;-3.8;+4.0;0.0;-1.4;-1.5;-0.3;+0.2;0.0;-0.5;+2.2;2012-2013
Milwaukee;-1.5;-0.2;+3.0;-1.9;+0.8;+1.8;+1.1;-1.7;-1.7;-2.3;+0.5;-2.6;-2.0;-0.2;+0.3;+2.2;-1.6;-0.1;2012-2013
Minnesota;-2.3;-2.0;+0.5;-2.8;-1.5;-1.0;-6.4;+3.3;+4.7;-1.0;+1.2;-1.3;0.0;0.0;+0.4;-1.1;-1.2;-4.1;2012-2013
Washington;-2.5;-0.4;0.0;-0.4;-0.5;-2.2;+1.5;-1.2;-1.4;-0.5;-0.1;-0.8;-1.0;0.0;-0.5;+0.2;+0.6;+1.3;2012-2013
Portland;-3.1;-2.6;-1.1;-2.5;+1.8;+4.5;+1.3;+0.2;-0.1;+1.5;-0.3;-1.2;-1.5;-1.9;-1.8;0.0;+1.5;-0.2;2012-2013
Philadelphia;-3.3;+0.5;+3.0;-1.0;-0.3;-1.6;+1.1;-3.9;-4.5;-3.0;0.0;-2.5;-2.6;0.0;+0.2;-0.1;-1.2;+2.1;2012-2013
New Orleans;-3.8;-0.9;+1.8;-2.2;-1.1;-2.6;-1.1;-0.8;-1.5;+1.6;+1.8;+0.4;+2.2;-2.3;-1.5;-0.6;+0.9;+1.6;2012-2013
Detroit;-3.9;-0.9;-0.2;-1.0;-1.1;-2.8;-0.4;-1.0;+0.5;-6.3;+0.9;-0.6;+0.3;-1.1;-1.4;-0.8;+1.4;0.0;2012-2013
Cleveland ;-4.6;-1.4;+4.5;-4.2;-0.7;-0.7;-2.6;-1.0;-1.9;+1.6;+1.4;-2.4;-1.0;-3.2;+0.2;-2.7;-1.3;+1.4;2012-2013
Sacramento ;-4.8;-1.6;+0.8;-2.4;-0.1;-0.9;+0.8;-1.3;-1.3;-1.3;-0.3;-2.6;-3.0;-4.2;+0.5;-2.1;0.0;+0.9;2012-2013
Phoenix;-6.4;-1.4;+1.7;-2.7;-1.0;-0.1;-5.8;-2.4;-2.8;-1.3;0.0;-1.7;-1.7;-0.1;-0.3;+0.1;+0.1;+2.1;2012-2013
Orlando;-6.9;-0.9;+0.7;-1.5;-1.3;-2.2;-2.9;-3.7;-5.5;+1.7;0.0;0.0;0.0;-0.9;-0.7;-0.8;+1.9;+2.9;2012-2013
Charlotte;-9.2;-4.4;-1.3;-4.6;-3.0;-5.4;-5.2;+2.6;+3.3;+0.3;-0.6;-3.1;-3.7;-5.9;+0.2;-1.0;-0.4;-2.2;2012-2013
Chicago;+8.1;+2.7;+0.6;+3.0;+1.7;+2.6;+5.0;+0.9;+1.7;-1.7;+2.5;+4.1;+6.6;+4.2;-0.5;+0.6;+0.7;-0.4;2011-2012
San Antonio;+7.1;+1.5;-1.4;+2.6;+2.1;+3.6;+3.9;+2.0;+2.9;-0.8;0.0;+1.7;+1.7;+3.5;0.0;-0.5;-0.1;-1.5;2011-2012
Oklahoma City;+6.1;+0.8;-6.0;+4.3;+0.7;+1.3;+1.6;+3.6;+3.4;+3.7;-1.6;+4.0;+2.4;-1.3;-0.6;+3.3;+2.1;+0.4;2011-2012
Miami;+5.9;+2.4;-0.8;+3.5;-1.6;-4.3;-0.4;+2.7;+2.1;+4.9;-0.6;+2.4;+1.8;+0.3;+0.5;+1.1;-1.5;-1.1;2011-2012
Philadelphia;+4.2;+3.1;+3.2;+2.1;-0.1;-1.6;+2.8;-1.9;-2.3;-1.0;0.0;-0.5;-0.5;+2.4;+2.0;+0.3;-2.7;+1.3;2011-2012
Atlanta;+3.4;+0.7;-0.2;+1.0;+1.5;+2.9;+2.6;+0.4;+0.9;-1.2;-0.9;-0.1;-1.1;+1.9;+0.6;-0.1;-1.1;-1.2;2011-2012
Indiana ;+3.3;+0.7;+1.0;+0.3;-0.7;-2.9;+1.7;+2.5;+1.6;+5.3;+0.4;+1.0;+1.5;-0.9;+1.3;-0.6;-0.9;0.0;2011-2012
New York;+3.1;+0.7;+1.4;+0.1;+1.1;+4.5;-2.2;+0.6;+0.6;+0.4;+0.3;-0.5;-0.1;+1.2;+1.3;-0.8;-1.0;-0.6;2011-2012
Denver ;+2.8;+0.4;-2.5;+1.9;-2.0;-2.6;-5.1;+4.0;+6.1;-2.4;+0.1;+2.6;+2.8;+0.8;+0.2;-1.6;-0.1;-2.3;2011-2012
L.A. Clippers;+2.5;+2.4;+4.0;+0.7;+0.8;+2.7;-0.8;-3.1;-2.1;-6.5;+1.3;+0.4;+1.7;+0.2;+2.4;+0.2;-1.3;0.0;2011-2012
Boston;+2.5;+2.0;-2.6;+4.0;+0.2;-1.9;+5.9;-1.8;-2.8;+1.7;-4.1;-0.2;-4.4;+4.9;-0.2;+0.8;-0.8;+1.4;2011-2012
Memphis;+2.0;+2.2;+4.3;+0.3;-2.1;-5.4;-1.8;-0.3;-0.2;-0.4;+1.5;-0.1;+1.3;+0.2;+1.7;-0.2;-2.6;+0.6;2011-2012
L.A. Lakers;+1.4;-0.9;-5.8;+1.9;-1.2;-2.4;-2.2;+4.5;+5.6;+1.4;+0.6;+4.6;+5.2;+0.5;-2.5;+0.7;+3.8;-3.3;2011-2012
Dallas ;+0.9;+0.7;+0.3;+0.7;+0.3;+1.4;-0.6;-0.9;-1.8;+2.1;-0.9;-0.2;-1.1;+0.4;0.0;+1.0;-0.6;+0.1;2011-2012
Orlando;+0.7;-1.4;-1.8;-0.7;+3.8;+8.9;+2.8;-0.1;+3.1;-11.2;+1.1;0.0;+1.1;-0.4;-0.6;0.0;+1.7;-2.1;2011-2012
Utah ;+0.6;+1.8;+3.3;+0.3;-2.3;-6.2;-1.6;-0.6;-0.8;0.0;+2.0;+1.0;+3.0;+1.2;+0.7;+0.1;-0.4;+1.1;2011-2012
Milwaukee;+0.2;+0.8;+3.0;-0.6;0.0;+0.2;-0.6;-1.3;-1.8;+0.4;+0.1;-2.3;-2.2;+1.7;+0.7;+0.5;-1.8;0.0;2011-2012
Houston ;+0.2;+0.2;+1.7;-0.6;+1.6;+2.9;+3.4;-1.8;-2.8;+1.6;+0.6;-0.2;+0.4;+1.2;0.0;-0.3;-0.2;+2.0;2011-2012
Phoenix;-0.2;-0.1;-0.9;+0.3;+0.6;+2.4;-0.9;-0.6;-0.7;-0.4;-1.2;-0.4;-1.7;+1.0;-1.4;+1.1;0.0;-0.9;2011-2012
Portland;-0.6;-1.1;+1.0;-1.9;+0.5;+2.5;-1.7;+1.0;0.0;+4.8;0.0;-1.7;-1.6;-0.6;+0.4;+0.1;-0.7;-0.8;2011-2012
Minnesota;-2.1;-3.2;-3.3;-2.1;+1.0;+3.4;-0.7;+3.3;+3.9;+1.5;+0.3;-0.1;+0.2;-2.0;-1.7;-1.2;+1.9;-3.3;2011-2012
Toronto ;-3.3;+0.5;+0.3;+0.4;-0.5;-2.2;+1.1;-3.7;-5.8;+2.5;+0.3;+1.1;+1.4;+0.8;-0.7;0.0;+1.9;+4.8;2011-2012
Golden State;-3.4;+0.4;+0.1;+0.4;+0.8;+1.0;+2.2;-5.1;-7.4;+2.3;-3.4;-3.1;-6.6;-0.8;+0.4;+0.5;-0.9;+4.7;2011-2012
New Orleans;-3.7;0.0;-1.2;+0.6;-2.5;-8.5;+1.6;-1.0;-1.3;-0.2;-0.1;+1.2;+1.1;-0.1;-0.5;-0.9;+1.6;+1.3;2011-2012
Detroit;-4.7;-1.3;+1.2;-2.4;-1.1;-3.0;-0.8;-0.9;-0.8;-1.3;+1.0;-1.5;-0.4;-3.8;-1.5;-1.0;+1.1;+0.1;2011-2012
Washington;-4.8;-0.1;+1.8;-1.1;-1.2;-2.1;-3.0;-3.3;-3.5;-3.1;-0.5;-1.3;-1.8;-2.3;+0.1;+1.7;0.0;+2.6;2011-2012
Sacramento ;-5.6;-2.6;+1.5;-3.9;-0.4;+0.9;-3.9;+0.1;+0.9;-2.5;+1.0;-3.1;-2.1;-4.5;+0.6;-1.5;-0.9;-0.3;2011-2012
New Jersey ;-5.9;-3.6;+0.3;-4.7;+1.1;+5.0;-3.2;+0.1;-0.9;+3.6;0.0;-2.3;-2.2;-3.4;-0.4;-1.0;+0.7;0.0;2011-2012
Cleveland ;-7.1;-4.1;-1.0;-4.5;-0.1;+0.5;-1.6;+1.2;+2.7;-3.1;+1.3;-1.8;-0.5;-3.3;-0.8;-2.2;+1.5;-0.9;2011-2012
Charlotte;-13.9;-5.6;-1.7;-6.0;-2.1;-3.7;-6.0;-0.3;-0.3;-0.4;-1.5;-4.5;-6.0;-3.1;-1.5;-0.2;+1.0;-1.3;2011-2012
Miami;+7.4;+1.9;-3.8;+4.7;0.0;-1.2;+2.5;+3.5;+3.7;+2.5;-0.9;+3.8;+2.9;-0.1;-0.3;+2.2;+0.7;-1.3;2010-2011
Chicago;+7.3;+2.8;+0.7;+3.1;+1.0;+1.3;+3.4;+0.5;+1.3;-2.0;+1.6;+4.0;+5.7;+3.3;+0.2;-0.1;0.0;0.0;2010-2011
L.A. Lakers;+6.1;+1.4;-1.5;+2.6;-0.4;-2.2;+1.7;+3.5;+4.2;+1.3;-0.1;+2.6;+2.4;-0.3;+0.2;+0.6;-0.5;-1.7;2010-2011
San Antonio;+5.7;+0.2;-2.8;+1.9;+2.5;+5.1;+2.9;+2.6;+3.4;0.0;-0.6;+1.3;+0.6;+1.8;+0.4;0.0;0.0;-1.7;2010-2011
Orlando;+5.4;+1.1;-1.9;+2.4;+3.0;+7.6;+1.6;+0.1;+1.9;-5.1;+0.7;+2.7;+3.5;-0.1;-0.7;+0.9;+1.0;-1.8;2010-2011
Boston;+5.3;+3.1;-1.8;+5.1;-0.4;-2.2;+2.4;-0.4;-0.9;+1.3;-2.7;+1.8;-0.8;+4.7;+1.2;-0.2;-0.8;+0.2;2010-2011
Denver ;+4.7;0.0;-3.2;+1.7;+1.0;+0.3;+4.4;+3.9;+4.7;+0.9;-0.8;+1.5;+0.6;0.0;0.0;-1.6;+0.3;-1.7;2010-2011
Dallas ;+4.2;+0.8;-2.3;+2.4;+1.6;+3.5;+2.1;+0.7;+0.2;+2.6;-1.2;+1.9;+0.7;+3.2;-0.8;+0.5;+0.3;-0.9;2010-2011
Oklahoma City;+3.7;-0.6;-2.6;+0.6;0.0;+0.8;-1.3;+5.1;+3.7;+7.9;-0.3;+2.5;+2.1;-0.4;+0.8;+1.5;0.0;+0.8;2010-2011
Memphis;+2.3;+2.8;+3.8;+1.3;-3.3;-8.1;-3.5;0.0;+0.4;-1.0;+0.7;0.0;+0.8;-0.4;+1.9;-0.7;-2.7;-0.5;2010-2011
Houston ;+2.1;-1.1;0.0;-1.3;+2.7;+7.2;+0.8;+1.7;+1.5;+1.9;0.0;0.0;0.0;+3.0;0.0;-0.9;-0.1;-1.3;2010-2011
Portland;+1.5;+0.5;+4.6;-1.9;-0.1;+0.7;-2.2;+0.5;-0.4;+3.7;+1.5;-1.8;-0.3;+1.9;+1.1;+0.2;-2.6;-1.9;2010-2011
Philadelphia;+1.5;+1.5;+1.6;+0.9;-0.3;-1.5;+1.4;-1.3;-1.6;-0.2;-0.3;-0.3;-0.7;+1.2;+0.4;-0.2;-1.2;+0.5;2010-2011
New Orleans;+0.8;+0.7;+1.3;+0.1;-1.3;-4.0;+0.3;+0.7;+1.1;-0.4;+0.6;+0.1;+0.8;-0.5;+1.5;-0.4;-1.5;+0.5;2010-2011
New York;+0.7;-1.2;0.0;-1.4;+2.7;+7.7;-0.4;+0.4;-0.9;+4.7;-1.4;-2.1;-3.5;+0.9;+0.4;+1.4;-1.5;+0.4;2010-2011
Atlanta;-0.8;-0.4;-1.3;+0.1;+0.5;+0.8;+1.3;-0.4;-0.6;+0.4;-0.9;-0.3;-1.2;+0.6;-0.6;0.0;+1.1;+0.4;2010-2011
Milwaukee;-0.8;-0.2;+2.4;-1.6;+0.5;+1.2;+0.7;-0.9;-0.7;-1.3;+0.3;-1.8;-1.5;-1.3;+1.3;0.0;-1.7;-0.1;2010-2011
Phoenix;-0.8;-1.0;-2.1;-0.1;+1.4;+3.1;+1.0;-0.1;-0.3;+0.5;-2.0;-2.0;-4.0;+0.6;-1.2;0.0;-0.2;-0.9;2010-2011
Indiana ;-1.0;-0.8;-0.6;-0.6;+0.9;+2.8;-0.5;-0.3;-1.4;+3.2;-0.2;+0.4;+0.2;-0.7;-0.3;-0.1;+1.4;+0.2;2010-2011
Utah ;-1.8;+1.1;+1.5;+0.5;-1.9;-3.8;-3.0;-2.2;-2.7;-0.6;-0.3;-1.0;-1.4;+2.6;+0.2;+0.8;-0.2;+0.7;2010-2011
Golden State;-2.3;+0.9;+3.1;-0.6;+1.4;+1.9;+3.4;-5.6;-6.9;-1.4;-1.1;-3.0;-4.2;-2.2;+0.7;+0.6;-1.5;+3.5;2010-2011
L.A. Clippers;-3.1;-0.3;-1.1;+0.1;-0.8;-0.9;-2.7;-1.5;+0.2;-6.3;+0.5;+1.1;+1.6;-0.1;-0.9;0.0;+2.6;-0.9;2010-2011
Detroit;-3.5;-0.6;+2.9;-2.5;-0.6;-2.5;+1.7;-1.6;-1.3;-2.8;+0.7;-2.8;-2.0;-2.1;+0.3;-0.6;-1.1;+1.0;2010-2011
Charlotte;-4.0;-1.0;-1.5;-0.3;-2.2;-4.9;-3.1;+0.2;+1.1;-2.4;+0.5;0.0;+0.5;-0.5;-0.9;-0.7;+1.3;-1.1;2010-2011
Sacramento ;-5.3;-1.5;+1.8;-2.8;-0.6;-0.9;-1.9;-1.6;-1.2;-2.7;+2.4;+0.2;+2.6;-1.2;-0.7;-0.8;+1.4;+1.0;2010-2011
New Jersey ;-6.2;-1.8;+0.4;-2.5;-0.5;-0.6;-2.0;-1.9;-2.8;+0.7;+0.7;-1.6;-0.9;-1.2;-1.2;+0.1;+1.7;+2.0;2010-2011
Toronto ;-6.2;-0.8;+1.0;-1.6;-2.3;-4.2;-5.9;-2.2;-2.4;-1.4;+0.6;-1.3;-0.7;-0.7;-0.5;-1.2;+0.7;+2.2;2010-2011
Minnesota;-6.6;-1.7;+1.3;-2.7;-0.6;-1.7;+0.2;-2.6;-3.0;-0.9;+2.0;-0.2;+1.8;-4.6;-2.2;-0.3;+2.6;+1.3;2010-2011
Washington;-7.4;-1.5;+1.7;-2.8;-2.0;-3.8;-4.1;-2.2;-2.4;-1.6;+0.2;-2.8;-2.6;-3.7;+0.5;+1.0;-0.4;+2.2;2010-2011
Cleveland ;-9.0;-4.2;-1.9;-4.0;-1.8;-1.5;-6.9;+1.3;+2.2;-1.4;-0.4;-2.7;-3.2;-3.2;-0.9;-1.8;+0.6;-1.2;2010-2011
Orlando;+7.4;+0.6;-4.2;+3.1;+3.8;+9.8;+1.2;+2.3;+4.2;-3.0;+0.1;+3.1;+3.2;+0.7;-0.4;+2.0;+1.2;-2.3;2009-2010
Cleveland ;+6.5;+2.0;-2.9;+4.2;+0.9;+0.8;+3.3;+1.5;+3.3;-3.7;0.0;+3.9;+3.9;+2.1;+0.2;+1.2;+1.1;-1.4;2009-2010
Utah ;+5.3;+3.8;+1.2;+4.1;-1.3;-4.2;+0.9;-1.0;-0.6;-2.0;+0.4;+2.5;+3.0;+6.8;+0.5;-0.5;0.0;+0.5;2009-2010
San Antonio;+5.0;+1.5;-0.3;+2.0;+1.7;+4.2;+1.4;+0.3;+0.8;-1.5;+0.8;+2.3;+3.2;+3.0;-0.6;-0.4;+1.0;0.0;2009-2010
Phoenix;+4.9;+1.2;-4.5;+4.0;+2.0;+2.2;+5.7;+0.3;0.0;+1.0;-2.0;+2.7;+0.6;+2.5;-2.0;+0.6;+1.7;-0.9;2009-2010
L.A. Lakers;+4.7;+1.1;+0.4;+1.1;+0.1;-0.2;+1.2;+2.2;+2.5;+1.5;+0.7;+1.4;+2.1;-0.7;+0.4;+0.4;-0.7;-1.7;2009-2010
Atlanta;+4.6;+1.6;+2.1;+0.7;+0.5;+0.7;+1.5;+0.8;+0.7;+1.3;+0.5;-0.2;+0.3;+0.8;+1.0;+0.6;-1.8;+0.6;2009-2010
Denver ;+4.0;+0.4;-1.0;+1.1;+0.2;+0.2;+0.9;+2.9;+3.6;+0.4;-0.8;0.0;-0.9;0.0;+1.2;-0.2;-1.2;-1.2;2009-2010
Boston;+3.6;+1.9;-1.1;+3.2;+0.3;+0.7;+0.6;-0.5;-0.7;0.0;-1.8;+0.3;-1.4;+4.2;+1.4;+0.1;-0.7;+0.4;2009-2010
Oklahoma City;+3.4;+0.6;-1.0;+1.4;-0.7;-2.2;0.0;+2.8;+2.3;+4.0;+0.2;+2.5;+2.8;+0.2;+0.4;+1.1;-0.1;-0.1;2009-2010
Portland;+3.3;+0.2;+1.2;-0.3;+0.1;-0.1;+1.0;+2.5;+1.9;+4.4;+1.3;+0.7;+2.1;+1.1;+0.4;+0.2;-1.1;-0.6;2009-2010
Dallas ;+2.7;+0.4;-0.5;+0.7;+0.4;-0.2;+2.5;+1.5;+0.2;+5.7;-1.0;0.0;-1.1;+3.1;+0.7;+1.3;-1.6;-1.0;2009-2010
Miami;+2.2;+2.0;+1.3;+1.8;-0.3;-1.2;+0.4;-1.5;-1.9;-0.2;+0.2;+0.8;+1.0;0.0;+1.0;+1.2;-1.2;+0.8;2009-2010
Milwaukee;+1.6;+2.1;+7.7;-1.5;+2.5;+6.5;+1.2;-5.2;-6.5;-1.0;+2.1;-1.9;+0.1;+1.9;0.0;-0.4;-2.0;+1.9;2009-2010
Charlotte;+1.4;-0.8;-2.8;+0.5;-1.3;-4.4;+0.7;+4.4;+5.7;+0.8;-0.1;+1.3;+1.1;0.0;+0.2;-0.6;+0.4;-2.5;2009-2010
Houston ;-0.3;-1.7;+1.3;-2.8;+1.9;+6.0;-1.2;+1.1;+1.2;+0.8;+1.1;-1.9;-0.7;+0.9;-0.1;-2.6;-0.2;-1.5;2009-2010
Memphis;-1.5;-0.6;+0.3;-0.9;-2.7;-7.2;-1.6;+2.5;+4.1;-2.1;+1.9;+1.7;+3.7;-4.0;+0.1;-1.2;+1.0;-2.2;2009-2010
Chicago;-1.6;+0.4;-0.7;+0.9;-2.8;-7.4;-1.7;+0.2;0.0;+0.9;+0.2;+1.5;+1.8;-0.1;-0.5;+0.4;+1.0;0.0;2009-2010
Toronto ;-1.7;0.0;-2.3;+1.4;-1.1;-3.2;+0.5;-0.7;-0.3;-2.0;-1.5;+0.6;-0.8;-1.0;-1.3;+0.2;+0.7;+1.0;2009-2010
New Orleans;-2.4;-0.8;+1.3;-1.8;+0.3;+0.6;+0.7;-1.0;-2.1;+2.7;-0.2;-1.6;-1.8;-1.1;+0.6;-0.8;-0.9;+0.1;2009-2010
Indiana ;-3.0;-1.1;-0.6;-1.0;+1.8;+5.9;-1.5;-2.5;-3.9;+1.8;-2.2;-2.8;-5.0;+0.4;-0.8;+0.3;0.0;+1.6;2009-2010
Golden State;-3.5;-0.9;+0.7;-1.5;+0.8;+2.1;0.0;-2.4;-3.7;+1.5;-4.2;-5.4;-9.6;-1.7;+1.4;-0.8;-2.9;+1.5;2009-2010
New York;-3.8;-2.7;-0.3;-3.0;+2.3;+7.0;-0.5;-0.6;-1.6;+2.8;-1.5;-3.0;-4.5;+0.5;0.0;-0.7;-0.4;+0.7;2009-2010
Philadelphia;-3.9;-0.2;+1.6;-1.2;-1.6;-1.9;-4.9;-1.8;-2.1;-0.9;+0.6;-0.5;0.0;-1.0;+0.5;+1.3;0.0;+1.7;2009-2010
Sacramento ;-4.3;-0.6;+0.8;-1.2;-0.1;0.0;-0.8;-2.8;-2.1;-4.7;+0.8;-0.2;+0.5;0.0;-0.2;-1.2;+1.2;+2.1;2009-2010
Washington;-4.7;-0.9;+0.4;-1.3;-1.1;-2.9;-0.7;-1.7;-2.3;0.0;+0.3;-0.8;-0.5;-2.6;-0.9;0.0;+1.2;+0.8;2009-2010
Detroit;-5.1;-0.3;+5.2;-3.5;-2.3;-3.9;-6.0;-2.1;-1.5;-3.9;+2.9;-2.1;+0.7;-3.7;+0.5;-1.0;-0.9;+1.4;2009-2010
L.A. Clippers;-6.3;-2.3;-2.3;-1.5;-0.5;0.0;-3.1;-1.1;-0.5;-3.2;+0.5;+0.1;+0.7;-1.4;-1.8;+1.2;+2.7;0.0;2009-2010
New Jersey ;-9.1;-4.3;-0.4;-5.1;-1.1;-1.1;-4.8;+0.7;0.0;+3.2;-0.3;-3.9;-4.3;-5.1;-0.7;-0.3;+0.4;0.0;2009-2010
Minnesota;-9.5;-2.8;-0.4;-3.1;-2.6;-6.2;-2.4;-1.1;-0.6;-2.8;+0.5;-1.0;-0.4;-5.8;-1.5;-1.6;+1.9;+0.1;2009-2010
Cleveland ;+8.9;+3.0;+0.1;+3.7;+2.1;+2.7;+5.9;+0.7;+1.4;-1.2;0.0;+3.2;+3.3;+1.1;+0.9;+1.1;-1.1;0.0;2007-2008
L.A. Lakers;+7.6;+3.1;+1.9;+2.6;-0.4;-2.2;+1.6;+1.8;+1.9;+1.7;+0.6;+1.7;+2.4;+0.6;+1.0;+0.3;-2.0;-1.4;2007-2008
Boston;+7.5;+3.8;-1.0;+5.5;+0.3;-1.1;+4.7;-0.4;-0.4;-0.5;+0.4;+4.1;+4.5;+3.7;+0.4;0.0;+1.0;+0.9;2007-2008
Orlando;+6.6;0.0;-4.5;+2.3;+4.5;+10.3;+3.8;+2.3;+4.5;-4.0;-0.5;+1.6;+1.1;+1.2;0.0;+1.5;+0.8;-2.1;2007-2008
Portland;+5.3;+1.4;+2.3;+0.4;+1.3;+3.0;+0.8;+1.1;+2.5;-3.8;+3.3;+2.0;+5.4;+0.9;+0.4;+1.0;-0.3;-0.7;2007-2008
Houston ;+4.0;-0.3;-2.5;+0.9;+1.9;+4.3;+1.7;+2.8;+2.1;+5.5;-0.1;+3.2;+3.0;+0.5;-0.4;-0.9;+1.7;-1.6;2007-2008
San Antonio;+3.7;+0.8;-0.4;+1.2;+2.1;+5.3;+0.6;0.0;0.0;-0.7;-0.2;+0.8;+0.6;+3.1;-0.6;-0.2;0.0;+0.4;2007-2008
Denver ;+3.4;+1.1;-2.7;+2.9;-0.6;-2.0;+0.5;+1.8;+3.1;-2.1;-1.0;+1.4;+0.3;+0.7;+0.7;+0.5;0.0;-0.8;2007-2008
Utah ;+2.6;+1.5;+1.3;+1.0;-1.7;-4.3;-1.1;+1.3;+1.4;+0.8;+0.3;+0.3;+0.7;+4.6;+0.7;-0.6;-1.3;-1.7;2007-2008
Dallas ;+1.9;+0.6;+0.2;+0.7;+0.6;+3.0;-2.5;0.0;-0.6;+2.0;+0.3;+1.0;+1.3;+2.0;0.0;+1.1;-0.2;-0.5;2007-2008
Phoenix;+1.9;+1.1;-4.0;+3.7;-0.8;-2.3;0.0;+0.5;+1.7;-3.1;-1.1;+2.0;+0.9;+2.0;-1.4;+0.6;+1.5;-2.2;2007-2008
Atlanta;+1.5;-0.5;-1.9;+0.3;+0.8;+1.6;+1.2;+1.8;+3.4;-3.2;-1.0;-0.8;-1.8;-0.5;+0.8;+0.2;-0.8;-0.8;2007-2008
New Orleans;+1.5;+0.7;+0.4;+0.6;-0.2;-1.2;+1.0;+0.3;-0.5;+3.3;-0.2;0.0;-0.3;-0.4;+1.4;+0.5;-0.7;-0.1;2007-2008
Miami;+0.2;+1.3;+2.8;+0.1;-0.1;+1.3;-3.2;-2.4;-2.6;-1.7;-0.8;-1.5;-2.3;+0.3;+1.5;+1.4;-2.6;+0.7;2007-2008
Philadelphia;0.0;0.0;+0.5;-0.3;-2.9;-6.3;-4.8;+3.0;+5.1;-3.6;+1.2;+0.6;+1.8;-1.8;+1.0;+0.1;-1.4;-1.6;2007-2008
Chicago;-0.2;-0.1;-0.2;0.0;0.0;-1.3;+3.4;0.0;-0.3;+0.9;-0.5;-0.1;-0.6;+0.1;0.0;0.0;+0.1;0.0;2007-2008
Detroit;-0.4;+1.2;+2.1;+0.3;-0.7;-1.8;-0.4;-2.3;-2.3;-2.4;+1.0;0.0;+1.0;+0.4;+0.3;+0.4;+0.1;+1.2;2007-2008
Milwaukee;-1.0;+1.8;+6.3;-1.2;-0.6;-0.9;-1.5;-4.2;-5.0;-1.0;+1.7;-1.9;-0.2;+0.8;0.0;-0.8;-2.3;+1.7;2007-2008
Indiana ;-1.1;+0.9;+2.6;-0.2;+1.0;+2.5;+0.3;-4.0;-6.5;+4.3;+0.1;-0.5;-0.3;+0.5;-0.7;-0.1;+0.4;+2.4;2007-2008
Charlotte;-1.2;-0.2;-0.6;0.0;-0.8;-2.2;0.0;0.0;+0.4;-1.5;+0.1;+0.6;+0.7;+1.6;-0.5;-1.1;+0.8;+0.4;2007-2008
New Jersey ;-2.4;-0.3;+1.8;-1.4;+0.6;+2.4;-1.4;-2.3;-3.6;+1.6;-0.2;-1.3;-1.5;-1.9;0.0;0.0;-0.3;+1.9;2007-2008
New York;-2.6;-2.6;+0.6;-3.4;+3.0;+8.0;+0.8;-0.2;-1.1;+2.6;-0.5;-3.4;-3.9;-0.4;-0.5;-2.8;-0.1;+0.9;2007-2008
Toronto ;-2.8;-1.4;-1.8;-0.6;-1.8;-5.2;+0.5;+1.8;+1.2;+4.0;-1.1;-0.3;-1.4;-0.6;0.0;0.0;0.0;-0.6;2007-2008
Golden State;-3.7;-2.0;-2.6;-0.9;-0.3;-0.6;-0.7;+0.7;+0.5;+1.2;-2.5;-2.4;-5.0;-3.2;-0.1;+1.3;-0.3;-1.0;2007-2008
Minnesota;-4.9;-1.5;+2.5;-3.2;0.0;+1.4;-2.4;-2.0;-2.2;-0.9;+1.9;-1.1;+0.7;-1.1;-1.1;-1.9;+1.6;+1.7;2007-2008
Memphis;-5.4;-1.8;-0.8;-1.9;-1.6;-4.9;+0.4;0.0;+0.4;-1.4;0.0;-1.1;-1.0;-3.8;-0.2;-0.7;+0.7;-0.1;2007-2008
Seattle;-6.0;-2.8;-1.0;-2.8;-2.3;-5.9;-1.8;+1.9;+1.6;+2.5;+1.4;0.0;+1.4;-1.2;-1.0;-0.4;+2.3;0.0;2007-2008
Washington;-7.4;-2.0;+1.0;-3.2;-3.4;-6.6;-5.7;0.0;-0.1;+0.7;+0.2;-1.9;-1.6;-4.5;+0.3;-0.8;0.0;+0.5;2007-2008
Sacramento ;-8.7;-3.5;-1.3;-3.5;0.0;+2.0;-3.7;-1.7;-3.7;+4.2;-2.1;-2.7;-4.9;-2.1;-1.6;-0.9;+1.0;+2.1;2007-2008
L.A. Clippers;-8.7;-3.2;-1.3;-3.1;0.0;+1.0;-2.0;-2.3;-2.3;-2.3;-0.8;-3.3;-4.2;-2.7;-0.9;+0.8;+1.5;+0.5;2007-2008
San Antonio;+8.4;+1.6;-1.6;+3.1;+2.7;+5.6;+4.6;+2.2;+2.7;+1.0;-0.8;+2.4;+1.5;+4.8;0.0;+0.9;-0.4;-1.8;2006-2007
Phoenix;+7.3;+1.8;-2.8;+3.7;+3.4;+7.0;+3.6;+0.2;-0.9;+4.0;-3.3;+0.9;-2.3;+7.0;-0.1;+1.0;-0.6;-1.2;2006-2007
Dallas ;+7.2;+2.6;+2.4;+2.0;+1.9;+4.0;+3.1;0.0;-2.0;+5.8;+0.9;+2.7;+3.7;+1.9;0.0;+1.1;-0.6;+0.3;2006-2007
Chicago;+5.0;+3.0;+3.0;+2.1;0.0;-1.8;+3.9;-1.1;-1.6;+0.3;+1.0;+1.7;+2.7;+1.9;+0.3;+0.1;-1.4;0.0;2006-2007
Houston ;+4.8;+1.3;+0.3;+1.5;+2.8;+6.6;+2.1;-0.7;-1.1;+0.4;+0.9;+1.5;+2.5;+1.4;+0.1;-0.1;0.0;+0.9;2006-2007
Detroit;+4.1;+1.5;+1.7;+0.8;+0.4;+1.2;+0.4;+0.6;-0.2;+3.4;-0.3;-0.3;-0.6;+1.4;+0.7;+2.2;-2.4;0.0;2006-2007
Cleveland ;+3.8;+1.7;+3.9;0.0;+1.0;+2.1;+2.2;-0.6;+0.4;-3.8;+2.8;+0.8;+3.6;+0.7;+1.0;0.0;-0.9;-0.2;2006-2007
Utah ;+2.8;+3.0;+3.4;+1.8;-1.8;-4.4;-2.0;-1.3;-0.8;-2.3;+2.6;+2.8;+5.4;+5.7;-0.5;-1.2;+0.5;+0.6;2006-2007
Denver ;+1.6;-1.1;-3.4;+0.5;-0.8;-1.5;-1.6;+4.7;+6.1;+0.6;0.0;+1.1;+1.1;-1.0;0.0;+0.1;+0.1;-2.3;2006-2007
Toronto ;+0.9;-0.2;-0.5;0.0;0.0;-0.3;+0.5;+1.4;+0.8;+3.4;-1.1;-1.9;-3.0;+0.9;+1.1;0.0;-1.6;-1.3;2006-2007
Orlando;+0.7;+1.6;-1.2;+2.9;-1.4;-4.1;+0.2;-1.0;+0.8;-5.8;+0.6;+2.4;+3.1;-1.0;-1.3;+0.4;+1.9;-0.2;2006-2007
L.A. Lakers;0.0;0.0;-0.6;+0.4;+1.0;+3.1;-0.5;-1.2;-1.2;-1.2;-0.8;-0.1;-1.0;+0.6;-0.5;+0.1;+0.7;-0.3;2006-2007
Golden State;-0.3;+1.0;+2.1;+0.1;+1.1;+3.6;-1.0;-3.6;-3.7;-3.2;-1.6;-3.3;-5.0;-0.8;+0.8;+0.8;-2.6;+1.2;2006-2007
L.A. Clippers;-0.4;-0.3;-1.4;+0.3;-1.7;-5.3;+0.8;+2.0;+1.2;+4.0;+0.5;+1.3;+1.8;+0.4;+0.1;+1.8;+1.3;+0.3;2006-2007
Washington;-0.5;-1.1;+1.4;-2.2;-0.4;+0.3;-2.9;+2.2;+3.4;-1.2;+0.3;-2.0;-1.7;-3.4;+1.4;0.0;-1.9;-1.2;2006-2007
New Jersey ;-0.7;0.0;-1.1;+0.7;+1.0;+2.6;+0.6;-1.9;-1.3;-3.4;-0.5;0.0;-0.5;+1.9;-1.0;-1.1;+0.2;-0.2;2006-2007
Miami;-0.9;+0.2;-2.7;+2.0;0.0;+0.5;-1.2;-1.4;-0.2;-5.2;-1.2;+0.7;-0.5;+0.3;0.0;+1.5;+0.1;-0.5;2006-2007
New Orleans;-1.5;-0.4;+1.1;-1.1;-1.2;-3.8;+0.7;+0.5;+1.2;-1.8;+2.0;+0.2;+2.3;-2.0;-0.3;-0.5;+0.8;-1.3;2006-2007
Sacramento ;-1.8;-2.5;-1.6;-2.1;-0.3;-0.1;-1.5;+3.5;+4.3;+0.8;-1.3;-3.0;-4.4;-2.1;+1.2;-1.7;-1.7;-2.4;2006-2007
Indiana ;-2.4;-0.7;+1.7;-1.9;+0.5;+2.6;-2.5;-1.5;-2.2;+0.6;+0.9;-0.7;+0.2;+0.4;-0.5;+0.4;+0.5;-0.3;2006-2007
New York;-2.8;-1.4;-2.5;-0.3;-1.2;-1.8;-3.0;+1.2;+3.1;-4.0;+1.7;+2.6;+4.4;-2.6;-0.8;-1.7;+3.4;+0.6;2006-2007
Seattle ;-2.8;-0.9;+0.7;-1.6;0.0;+0.1;0.0;-1.0;-2.5;+3.9;-0.3;-1.0;-1.3;-2.1;+0.5;-0.4;+0.4;+2.0;2006-2007
Philadelphia;-3.0;-1.3;-1.9;-0.5;-2.6;-7.3;-0.8;+2.2;+2.5;+1.2;-0.8;-0.6;-1.4;-1.9;-0.1;+0.8;-0.2;-1.5;2006-2007
Boston;-3.4;-1.3;+1.4;-2.5;+0.5;+0.8;+1.3;-1.2;-2.4;+1.9;+0.8;-1.0;-0.1;-2.2;-0.1;-0.8;+1.2;+2.6;2006-2007
Minnesota;-3.6;-0.9;-2.2;+0.1;-1.6;-4.8;+0.4;-0.1;-1.1;+3.2;-1.6;+0.4;-1.2;+0.8;-0.6;-0.4;+1.4;+0.9;2006-2007
Charlotte;-3.7;-0.4;+2.3;-1.9;0.0;+0.4;-0.6;-2.8;-3.2;-1.5;-0.1;-2.6;-2.7;+1.4;+0.4;-0.8;-0.8;+2.4;2006-2007
Portland;-4.2;-1.0;+1.2;-2.1;-0.5;-0.7;-1.5;-1.6;-1.8;-0.8;+0.8;-0.5;+0.3;-2.3;+0.1;0.0;+1.3;+2.2;2006-2007
Milwaukee;-4.3;-0.9;+0.5;-1.4;-0.5;-0.7;-1.1;-1.9;-2.3;-0.8;-1.4;-2.3;-3.8;-3.7;-0.3;-2.5;-0.5;+1.2;2006-2007
Atlanta;-4.7;-1.4;+0.4;-2.1;-1.5;-2.4;-4.7;-0.2;-1.3;+2.7;+0.3;-0.7;-0.3;-1.9;+0.1;+0.3;+0.7;+1.4;2006-2007
Memphis;-5.1;-3.5;-3.8;-2.1;-0.9;-1.4;-2.2;+2.8;+3.6;+0.2;-1.2;-1.3;-2.5;-4.6;-1.4;-0.5;+1.0;-2.0;2006-2007
San Antonio;+6.8;+2.5;-0.9;+3.8;+2.7;+5.8;+4.6;-1.0;-0.2;-3.7;-0.4;+1.5;+1.1;+4.6;-0.6;+1.5;-0.1;0.0;2005-2006
Detroit;+6.6;+0.8;+1.3;+0.2;+2.7;+5.3;+5.8;+2.2;+3.3;-0.9;+0.2;-0.6;-0.3;+5.2;+1.2;+2.5;-2.6;-2.5;2005-2006
Dallas ;+6.0;+1.7;+0.6;+1.9;+0.1;0.0;+1.3;+2.3;+1.9;+3.1;+1.1;+2.7;+3.8;+0.4;+0.6;+1.0;-0.4;-1.5;2005-2006
Phoenix;+5.5;+2.2;+0.3;+2.4;+3.9;+8.2;+3.6;-2.9;-5.8;+7.5;-3.0;-1.0;-4.0;+7.7;-0.5;+1.5;-1.5;+0.7;2005-2006
Miami;+3.8;+2.0;-2.1;+3.8;0.0;+1.0;-1.5;-0.3;+1.0;-3.9;+0.3;+3.8;+4.2;+1.1;-0.4;+1.7;+1.5;-0.8;2005-2006
Memphis;+3.6;+0.6;-0.5;+1.2;+2.2;+4.3;+4.0;+0.1;+1.6;-4.3;-1.1;-0.3;-1.4;-0.2;0.0;-0.1;-0.9;-1.3;2005-2006
L.A. Lakers;+2.5;+0.5;+0.7;+0.3;+0.9;+2.9;-0.4;+0.4;+0.5;-0.1;+0.9;+1.0;+2.0;0.0;+1.1;0.0;-0.1;-0.3;2005-2006
Cleveland ;+2.2;-0.5;-0.8;-0.1;+0.4;+2.1;-1.6;+2.7;+4.2;-1.3;+1.8;+1.0;+2.9;-1.2;+0.3;+0.4;+0.7;-1.3;2005-2006
Indiana ;+1.8;-0.5;-2.8;+0.8;+2.0;+5.5;+0.6;+0.9;+1.1;+0.3;-0.8;+1.7;+0.8;+1.3;-0.7;+0.1;+1.7;+0.2;2005-2006
Washington;+1.8;-0.4;+2.1;-1.8;0.0;+0.1;-0.6;+2.8;+3.3;+1.1;+0.8;-1.6;-0.7;-2.9;+1.4;0.0;-2.2;-2.6;2005-2006
L.A. Clippers;+1.5;+1.2;-2.3;+2.9;-2.2;-6.3;-0.2;+1.2;-0.4;+5.8;-0.3;+3.3;+2.9;-0.6;-0.4;+1.8;+1.6;+1.1;2005-2006
Sacramento ;+1.5;-1.2;-2.7;0.0;+0.3;+1.1;0.0;+3.5;+3.4;+3.7;-1.2;-0.3;-1.5;+1.1;-0.5;-1.2;0.0;-2.6;2005-2006
New Jersey ;+1.3;+0.5;+1.1;+0.1;+0.1;+1.3;-1.8;0.0;-0.5;+1.7;+0.4;-0.7;-0.3;+2.9;-0.3;-0.6;-0.7;+0.1;2005-2006
Chicago;+0.6;+2.8;+2.7;+2.0;+0.7;+0.5;+2.8;-5.7;-6.1;-3.8;+0.3;+0.7;+1.0;+1.8;-1.2;-0.9;0.0;+1.8;2005-2006
Denver ;+0.2;0.0;-1.1;+0.7;-2.1;-4.9;-3.2;+2.2;+2.7;+0.8;-0.7;+0.2;-0.5;-0.4;+1.3;+0.3;-1.3;-0.5;2005-2006
Milwaukee;-1.0;0.0;+2.2;-1.2;+0.2;-0.6;+2.5;-1.3;-1.4;-0.8;+1.1;-0.3;+0.8;-0.9;-0.1;-1.7;+0.1;-0.4;2005-2006
Orlando;-1.0;+0.5;-1.9;+1.8;-1.9;-5.9;+1.8;-0.1;0.0;-0.1;-0.2;+1.9;+1.7;-1.8;-1.0;-0.2;+1.7;+0.1;2005-2006
Golden State;-1.3;-1.3;+1.3;-2.3;+1.9;+6.0;-1.0;-0.6;0.0;-2.4;0.0;-2.1;-2.2;-1.6;+0.3;-0.6;-1.2;+0.2;2005-2006
Boston;-1.5;0.0;-1.7;+1.1;+0.2;+0.3;+0.9;-1.9;-3.0;+1.2;-1.1;+0.7;-0.4;-0.5;-1.3;+0.2;+1.8;+2.3;2005-2006
Houston ;-1.5;0.0;-0.7;+0.3;-0.8;-0.6;-3.7;-0.7;-1.8;+2.7;-0.3;+1.0;+0.7;-0.8;0.0;-0.6;+1.2;+1.7;2005-2006
Minnesota;-1.8;+0.4;-1.6;+1.4;-1.6;-3.5;-3.4;-1.0;-2.1;+2.1;-1.9;+0.1;-1.8;+1.9;+0.2;+1.1;+0.6;+1.8;2005-2006
Philadelphia;-1.9;-1.2;-1.8;-0.4;-1.5;-4.7;+1.3;+1.9;+2.6;-0.2;-1.2;-1.3;-2.5;-2.7;+0.2;+0.2;-1.3;-2.2;2005-2006
Utah ;-2.6;+0.1;+1.5;-0.7;-2.1;-4.5;-4.1;-0.7;0.0;-2.6;+2.4;+1.7;+4.1;+3.1;-1.6;+0.3;+1.5;-0.8;2005-2006
New Orleans;-2.8;-0.6;+1.7;-1.8;-2.9;-7.3;-2.8;+1.4;+1.9;-0.1;+0.7;-1.4;-0.7;-0.7;+1.0;-1.4;-1.2;-1.5;2005-2006
Toronto ;-2.9;-1.8;+2.3;-3.6;+1.2;+3.1;+0.2;-0.5;-2.1;+4.3;+0.3;-3.0;-2.6;-4.2;+0.1;-1.0;-1.1;+1.5;2005-2006
Seattle ;-3.0;-1.5;+1.4;-2.6;+0.7;+2.2;-0.4;-0.7;-1.8;+2.5;+0.1;-1.0;-0.8;-3.3;+0.2;-1.1;+0.1;+1.3;2005-2006
Charlotte;-4.0;-1.2;+5.2;-4.5;-0.3;-0.2;-1.7;-1.0;-1.1;-0.8;+0.6;-4.8;-4.2;-2.0;+2.9;-1.0;-3.6;+0.3;2005-2006
Atlanta;-4.7;-1.5;+0.7;-2.4;-0.2;-0.6;-0.1;-1.3;-2.0;+0.4;+1.0;-1.2;-0.1;-0.7;-0.1;-0.3;+0.6;+2.4;2005-2006
New York;-6.4;-1.7;-1.8;-1.1;-2.9;-7.4;-1.5;+0.1;+1.3;-2.7;+1.8;+0.9;+2.8;-3.3;-1.4;-2.0;+3.5;+0.9;2005-2006
Portland;-9.4;-2.9;-2.5;-2.3;-1.6;-3.2;-3.1;-1.9;-0.3;-7.1;-1.7;-2.9;-4.6;-3.0;-0.7;+0.3;+1.7;+1.5;2005-2006
San Antonio;+7.8;+2.5;+1.1;+2.6;+2.2;+6.2;-0.3;+0.4;+2.0;-4.3;+1.1;+1.0;+2.1;+4.7;+0.2;+1.4;-1.3;-2.1;2004-2005
Phoenix;+7.1;+0.2;-5.6;+3.2;+3.6;+6.7;+5.8;+2.8;+3.7;+0.4;-3.2;+1.2;-2.0;+2.2;-0.6;+1.3;0.0;-2.2;2004-2005
Miami;+6.5;+2.8;-4.1;+5.9;+0.4;-0.1;+2.9;+0.4;+4.0;-8.7;-0.4;+2.9;+2.5;+2.0;-1.0;+2.5;+0.5;-2.5;2004-2005
Dallas ;+5.7;+1.4;-0.2;+1.8;+0.1;-1.1;+3.3;+2.7;+2.3;+3.4;-1.0;+0.7;-0.2;-1.2;+1.5;+0.7;-2.1;-0.8;2004-2005
Houston ;+4.0;+1.5;0.0;+1.9;+1.2;+2.1;+2.5;-0.2;-1.5;+3.8;-0.2;+1.9;+1.6;+0.4;-0.5;+0.5;+0.5;+0.4;2004-2005
Detroit;+3.8;+0.7;-0.9;+1.4;-0.5;-1.9;+0.6;+2.9;+4.3;-1.2;+1.5;+2.2;+3.8;+2.0;-0.4;+1.5;0.0;-2.5;2004-2005
Seattle ;+2.2;-0.6;+1.4;-1.5;+2.3;+6.1;+0.8;+1.1;0.0;+4.0;+1.3;+1.6;+3.0;-2.5;+0.5;-0.6;+0.3;0.0;2004-2005
Memphis;+2.2;+1.4;+0.6;+1.4;+1.2;+3.3;+0.6;-1.8;-1.8;-1.6;-1.2;-0.9;-2.2;+1.0;+1.0;0.0;-1.2;+0.6;2004-2005
Sacramento ;+2.1;+0.2;+0.4;0.0;+0.6;+0.9;+1.6;+1.1;0.0;+4.8;-0.9;-0.9;-1.9;+2.9;+0.6;-0.5;-1.5;-0.9;2004-2005
Denver ;+2.0;+1.0;+0.1;+1.2;-1.7;-4.9;-0.4;+1.6;+1.5;+1.7;0.0;+0.3;+0.2;+2.1;+1.3;+0.3;-1.4;-1.0;2004-2005
Minnesota;+1.4;+0.9;-1.8;+2.1;-0.8;-1.7;-1.7;+0.4;-0.7;+4.4;-1.0;+2.6;+1.6;+1.6;-0.9;+1.5;+1.4;+1.7;2004-2005
Chicago;+1.0;+1.0;+0.5;+1.0;+1.1;+2.2;+2.2;-2.1;-3.1;+0.5;+0.2;+0.8;+1.0;+0.3;-1.3;-0.7;+1.2;+1.3;2004-2005
Boston;+0.8;+1.0;-1.8;+2.3;-0.6;-1.4;-0.7;-0.6;-1.2;+1.0;-1.5;+0.1;-1.4;-0.5;-0.5;+0.2;+0.2;+0.7;2004-2005
Cleveland ;+0.7;+0.9;+2.9;-0.4;-1.4;-2.6;-4.4;+0.4;+0.4;+0.1;+2.1;+0.3;+2.5;+1.3;+1.2;+0.5;-0.8;+0.9;2004-2005
Indiana ;+0.7;-1.2;-1.4;-0.7;+1.8;+6.1;-2.0;+1.3;0.0;+4.8;-1.2;0.0;-1.2;-0.6;+0.8;-0.5;+0.3;0.0;2004-2005
Washington;-0.3;-1.6;+0.5;-2.2;0.0;+0.8;-2.0;+3.0;+5.3;-3.6;+1.4;-1.6;-0.2;-3.9;+1.5;-0.7;-1.6;-2.2;2004-2005
Philadelphia;-0.7;+0.1;+1.4;-0.5;-0.7;-1.3;-1.4;-0.4;-1.2;+2.1;-0.5;-1.5;-2.0;-2.0;+0.9;-0.7;-1.4;-0.6;2004-2005
L.A. Clippers;-0.7;-0.1;-3.0;+1.5;-3.0;-7.9;-2.2;+2.6;+2.8;+1.6;0.0;+2.4;+2.3;+2.0;-0.4;+0.3;+2.0;-1.4;2004-2005
New Jersey ;-1.5;+0.5;+3.0;-1.0;-0.6;-1.4;-0.6;-1.9;-3.2;+1.8;-0.2;-1.4;-1.6;+1.2;+0.5;-1.1;-1.4;+1.2;2004-2005
Toronto ;-1.6;-2.2;-0.6;-2.3;+2.5;+5.5;+2.9;+0.1;-0.7;+3.0;-1.7;-3.3;-5.1;-1.7;+1.3;-0.5;-1.1;+0.9;2004-2005
Golden State;-2.1;-1.2;+2.4;-2.7;+2.1;+6.5;-1.1;-1.7;-1.6;-2.2;+0.1;-4.0;-3.9;-0.5;+0.8;0.0;-1.7;+0.6;2004-2005
Orlando;-2.2;-0.5;-1.7;+0.2;-1.5;-4.5;+0.6;+0.4;+0.3;+0.4;+0.1;+1.4;+1.5;-2.0;-0.7;+1.0;+1.6;+0.2;2004-2005
New York;-2.4;-0.2;+1.7;-1.3;-0.2;-0.4;-0.7;-1.5;-2.4;+1.1;0.0;-0.6;-0.7;-0.3;+0.3;-1.5;+0.1;+2.5;2004-2005
L.A. Lakers;-2.9;-3.0;-3.6;-1.6;+1.1;+3.5;-0.5;+1.8;+2.5;-0.3;0.0;+0.7;+0.7;-4.0;-1.4;-0.9;+2.5;-0.2;2004-2005
Milwaukee;-2.9;-1.6;-1.1;-1.3;-1.6;-5.1;+0.8;+1.9;+2.5;0.0;+0.6;0.0;+0.5;-2.8;-1.0;-0.9;+0.7;-1.9;2004-2005
Portland;-4.0;-1.9;-5.1;+0.4;-0.2;-1.4;+1.8;+0.1;+1.1;-2.9;-2.1;+1.1;-1.0;-2.4;-1.4;+1.5;+2.5;+0.4;2004-2005
Utah ;-4.2;+1.1;+4.0;-0.9;-2.8;-6.5;-4.6;-3.7;-4.6;-0.7;+2.2;+0.1;+2.4;+2.8;-1.2;-1.2;+1.3;+1.5;2004-2005
Charlotte;-5.9;-0.6;+4.2;-3.1;-1.4;-4.1;+0.2;-3.1;-2.2;-5.7;+1.5;-3.0;-1.5;+0.3;+0.8;0.0;-1.2;+0.4;2004-2005
New Orleans;-7.0;-1.5;+3.1;-3.7;-0.9;-0.3;-5.1;-2.9;-3.5;-0.9;+0.8;-2.4;-1.6;-0.2;-1.0;-1.7;+0.5;+1.8;2004-2005
Atlanta;-9.7;-1.2;+3.4;-3.5;-1.9;-3.1;-6.6;-5.2;-4.9;-5.9;+2.4;-1.8;+0.6;-2.3;-1.0;-1.7;+1.3;+2.8;2004-2005
San Antonio;+7.2;+2.7;+0.5;+3.2;+1.1;+2.3;+3.0;+0.4;+2.7;-6.3;+1.4;+2.5;+4.0;+3.1;+0.3;+1.9;-0.6;-2.0;2003-2004
Detroit;+5.8;+1.3;-0.7;+2.2;-0.2;-2.5;+4.2;+3.3;+4.1;+0.8;+0.4;+1.6;+2.1;+1.7;+0.1;+1.9;-0.8;-2.5;2003-2004
Indiana ;+5.7;+1.0;+1.7;+0.3;+1.4;+3.2;+2.6;+2.2;+2.6;+1.3;+1.1;+0.3;+1.5;+1.5;+1.7;-1.2;-1.4;-1.0;2003-2004
Minnesota;+5.4;+3.5;-0.6;+4.7;-0.8;-3.4;+2.8;-0.7;-1.8;+2.7;-1.5;+2.9;+1.4;+2.3;+0.1;+2.0;-0.7;+0.9;2003-2004
Sacramento ;+5.0;-0.4;-2.5;+0.8;+2.3;+3.5;+6.1;+3.5;+3.2;+4.6;-2.3;-0.3;-2.6;+4.9;+0.7;-1.0;-1.0;-2.8;2003-2004
Dallas ;+4.4;+2.3;+4.9;0.0;-0.3;-0.1;-1.4;+0.1;-1.2;+4.9;+2.0;-0.2;+1.7;+0.3;+0.9;+0.6;-2.9;-0.9;2003-2004
L.A. Lakers;+3.9;+1.3;+0.4;+1.3;-0.6;-1.6;-0.9;+1.9;+4.7;-5.6;+0.9;-0.2;+0.6;+2.9;+0.8;+0.8;-1.4;-3.5;2003-2004
New Jersey ;+2.5;+1.4;+0.8;+1.4;-0.5;-0.8;-1.4;0.0;+0.3;-0.7;-0.1;0.0;-0.1;+4.6;+0.6;-0.6;-1.3;-0.2;2003-2004
Memphis;+2.4;+1.2;+1.3;+0.8;+0.9;+2.7;+0.1;-1.0;0.0;-3.7;-0.6;-1.5;-2.1;+2.9;+1.4;+1.2;-2.0;+0.1;2003-2004
Houston ;+1.7;+1.2;-2.5;+3.0;+0.7;+2.1;-0.6;-1.4;-3.0;+3.6;-0.7;+3.6;+2.8;-1.3;-1.8;+1.0;+3.2;+0.8;2003-2004
Denver ;+1.0;-0.3;+1.2;-1.0;-0.5;-0.8;-2.0;+2.2;+1.6;+3.8;+0.3;-0.9;-0.6;-1.6;+0.9;+0.5;-1.4;-1.1;2003-2004
Milwaukee;+1.0;-0.7;-0.8;-0.4;-0.6;-1.8;-0.1;+3.2;+3.1;+3.5;-0.2;-0.2;-0.5;0.0;-0.7;-0.2;-0.6;-2.5;2003-2004
Miami;+0.5;+0.8;+2.5;-0.3;+0.6;+1.2;+1.4;-1.8;-2.2;-0.5;+0.5;-0.3;+0.2;+0.4;+0.1;-1.5;-0.8;+1.0;2003-2004
New Orleans;0.0;-0.8;+1.9;-2.1;+1.0;+4.4;-2.2;+0.5;+0.7;+0.1;+1.4;-0.7;+0.7;-0.9;+1.1;-1.0;-0.6;-0.2;2003-2004
Seattle ;-0.6;-0.5;-0.3;-0.4;+2.8;+6.6;+2.4;-2.5;-3.0;-0.9;-1.9;-1.3;-3.3;+0.6;+0.3;0.0;-0.2;+1.5;2003-2004
Golden State;-0.7;-0.8;-1.4;-0.3;+0.1;+2.1;-3.9;+0.8;+1.8;-2.1;+0.2;0.0;+0.2;-0.9;-1.0;-0.3;+0.8;-1.3;2003-2004
Utah ;-1.2;+1.8;+3.5;+0.3;-1.9;-5.1;-2.2;-2.8;-2.8;-2.4;+2.8;+1.7;+4.5;+1.7;-1.0;-0.4;+1.2;+1.1;2003-2004
Portland;-1.2;-0.6;-1.2;-0.1;-0.4;-1.4;+0.4;+0.5;+1.3;-2.2;+0.2;+1.0;+1.3;-1.7;-0.5;+0.6;+1.1;+0.2;2003-2004
Boston;-1.4;-0.6;-2.5;+0.6;0.0;+0.7;-1.5;-0.1;-0.7;+1.4;-2.6;-1.0;-3.6;-2.4;+0.6;-0.9;-0.9;+0.2;2003-2004
New York;-1.4;+1.1;+0.2;+1.3;-0.1;-1.3;+2.6;-3.7;-5.6;+2.9;0.0;+1.2;+1.2;+0.2;-0.8;0.0;+1.9;+3.6;2003-2004
Philadelphia;-2.4;-0.8;-1.3;-0.3;-1.2;-4.1;+0.8;+0.4;+0.3;+0.8;-0.6;+0.1;-0.5;-1.3;-0.2;-1.2;+0.7;-0.6;2003-2004
Cleveland ;-2.6;-0.4;0.0;-0.4;-2.2;-4.5;-5.6;+0.4;+0.4;+0.3;+1.7;+1.7;+3.5;+0.3;-0.6;+1.2;+1.7;+1.0;2003-2004
Toronto ;-3.0;-0.8;-0.2;-0.9;+2.2;+4.9;+4.9;-3.6;-4.9;+0.2;-2.4;-2.9;-5.4;+0.6;+0.1;+0.8;-0.3;+1.5;2003-2004
Phoenix;-3.7;-0.2;0.0;-0.2;-0.7;-2.0;-0.3;-2.5;-2.7;-1.8;-1.3;-1.7;-3.1;-2.1;+1.0;-0.5;-0.6;+3.3;2003-2004
L.A. Clippers;-4.5;-3.1;-1.3;-3.1;-1.5;-2.8;-3.8;+3.2;+2.6;+4.4;+1.4;+0.7;+2.1;-2.6;-1.2;-0.7;+2.7;-0.5;2003-2004
Atlanta;-4.6;-1.6;-2.5;-0.7;-0.7;-1.1;-2.2;-0.4;-1.1;+1.6;-0.6;+0.2;-0.3;-1.8;-1.2;0.0;+2.4;+1.5;2003-2004
Washington;-5.6;-3.6;-2.2;-3.3;+0.1;+0.3;-0.1;+1.6;+4.1;-5.6;+0.8;-1.5;-0.7;-5.2;-0.6;-0.5;+1.4;-0.8;2003-2004
Chicago;-6.3;-1.0;+1.7;-2.1;-0.1;+0.2;-1.3;-4.1;-4.9;-2.2;+0.4;-1.9;-1.5;-1.1;-0.4;-0.6;+0.8;+2.7;2003-2004
Orlando;-7.0;-3.2;-0.4;-3.6;-0.7;-0.6;-3.3;+0.1;+0.4;-0.5;-0.8;-2.6;-3.5;-5.1;-0.9;-1.7;+0.1;+0.6;2003-2004
Dallas ;+7.7;+2.8;+3.5;+1.5;+1.9;+3.2;+4.0;+0.1;-2.9;+10.1;-1.6;-1.6;-3.3;+0.6;+1.4;+1.5;-4.4;-0.1;2002-2003
Sacramento ;+6.5;+3.0;-1.6;+4.4;+1.4;+1.4;+6.1;-1.0;-1.5;+0.5;-2.9;+1.6;-1.3;+3.3;+0.6;+1.2;-0.8;+0.3;2002-2003
San Antonio;+5.4;+0.5;-4.9;+3.4;+1.1;+2.7;+1.4;+3.1;+5.5;-4.2;-1.0;+2.8;+1.7;+0.9;-0.4;+1.3;+0.7;-2.9;2002-2003
New Jersey ;+5.2;+1.8;+1.5;+1.4;-0.9;-1.7;-2.6;+2.5;+3.0;+0.8;+0.7;+0.8;+1.5;+3.4;+0.2;-0.5;-1.7;-1.3;2002-2003
Detroit;+3.6;-0.5;0.0;-0.7;+2.9;+7.9;+1.3;+1.7;+1.5;+2.5;+0.2;-1.0;-0.7;+1.4;-0.1;+1.3;-0.5;-1.9;2002-2003
Indiana ;+3.4;+0.6;-1.0;+1.3;-0.3;-0.9;-0.1;+2.5;+3.4;0.0;0.0;+2.0;+1.9;+2.6;+0.9;-0.8;-0.5;-1.3;2002-2003
Portland;+2.6;+0.5;-0.5;+1.0;-0.7;-1.6;-1.1;+2.2;+3.5;-1.8;+0.9;+1.0;+2.0;0.0;+0.5;-0.9;-0.2;-0.4;2002-2003
Utah ;+2.3;+1.7;-1.9;+3.4;-2.5;-7.4;0.0;+1.5;+2.5;-1.4;+0.1;+3.1;+3.3;+6.1;-0.1;+0.4;+0.8;-1.3;2002-2003
L.A. Lakers;+2.3;+1.4;+1.5;+0.8;+0.2;+1.7;-2.4;-0.7;0.0;-2.6;+1.4;+0.7;+2.1;+1.9;0.0;+1.9;0.0;-0.5;2002-2003
Philadelphia;+2.3;+1.2;+3.3;-0.3;-2.5;-5.9;-4.3;+2.4;+2.6;+1.4;+1.6;+0.1;+1.8;-0.4;+2.5;-2.8;-2.3;-0.9;2002-2003
New Orleans;+2.1;+0.6;+2.1;-0.3;+0.8;+0.9;+3.8;0.0;-0.1;+0.2;+2.2;+1.3;+3.5;+2.1;+0.1;-0.4;+0.1;+0.1;2002-2003
Minnesota;+2.0;+2.0;-0.7;+2.8;-2.1;-6.8;+2.1;+0.1;-0.3;+1.7;-0.1;+2.0;+1.8;+2.4;-0.2;+0.3;0.0;+0.2;2002-2003
Houston ;+1.4;-0.6;-2.6;+0.6;+0.6;+1.8;0.0;+2.0;+2.9;-0.7;+0.5;+2.5;+3.1;-2.1;-0.8;+1.3;+2.3;-2.3;2002-2003
Phoenix;+1.1;+1.1;+1.4;+0.5;-0.5;-2.5;+2.2;-0.5;0.0;-2.3;+0.2;-0.5;-0.3;-1.2;+0.3;-0.5;-1.2;+0.4;2002-2003
Milwaukee;+0.2;0.0;+0.3;-0.1;+1.2;+3.0;+0.8;-1.1;-2.4;+3.1;-1.7;-2.1;-3.8;-0.8;+0.9;+0.1;-1.6;+1.6;2002-2003
Orlando;+0.1;-0.7;+1.9;-1.9;+1.9;+4.6;+2.2;-0.3;-0.8;+1.0;-0.1;-2.4;-2.6;-1.9;+0.6;-1.3;-2.0;+0.7;2002-2003
Seattle ;-0.1;+0.1;+2.1;-0.9;-0.1;-0.9;+0.8;-0.3;-0.5;+0.2;+0.3;-0.9;-0.6;+0.8;+2.1;-1.3;-1.5;+0.5;2002-2003
Boston;-0.3;-1.2;+0.7;-1.9;+3.1;+9.2;+0.2;-0.9;-1.0;-0.6;-1.0;-3.4;-4.4;-3.0;+1.2;-0.7;-2.0;-0.4;2002-2003
Washington;-1.0;-0.7;-1.3;-0.1;-2.3;-5.2;-4.9;+2.8;+3.4;+0.7;-0.3;-0.6;-1.0;-2.0;+0.1;+0.3;-0.9;-1.9;2002-2003
Golden State;-1.1;-2.1;-2.8;-1.0;-0.1;+0.7;-2.8;+3.3;+3.6;+2.2;+0.9;+1.9;+2.9;-2.7;-1.4;+0.1;+2.1;-1.8;2002-2003
New York;-1.3;0.0;+3.0;-1.5;+3.0;+6.4;+4.3;-4.5;-6.9;+4.3;-1.1;-2.8;-4.0;+0.8;-0.5;-0.6;-0.3;+3.1;2002-2003
Memphis;-3.2;-2.1;-3.2;-0.7;+0.4;+1.1;+0.2;+0.5;+1.4;-2.0;-2.2;-1.0;-3.3;-1.2;-0.7;+0.8;+0.5;-1.2;2002-2003
Atlanta;-3.5;-1.9;-5.7;+0.7;-0.5;-1.2;-0.6;+0.7;0.0;+3.2;-1.6;+1.6;0.0;-1.1;-1.5;+0.7;+3.6;+1.4;2002-2003
L.A. Clippers;-4.1;-2.4;-3.6;-1.0;-0.7;-0.8;-3.3;+1.5;+2.8;-2.4;-0.4;0.0;-0.4;-2.8;-0.9;+0.5;+1.6;-0.7;2002-2003
Miami;-5.0;-0.3;+3.7;-2.4;-0.7;-0.5;-3.6;-3.7;-5.3;+1.4;+0.9;-1.5;-0.5;+0.2;-0.4;-1.3;0.0;+2.2;2002-2003
Chicago;-5.1;0.0;-1.2;+0.6;-1.0;-4.0;+2.6;-4.1;-4.6;-2.6;-1.6;-0.3;-1.9;-2.0;-1.9;+0.5;+2.1;+2.8;2002-2003
Toronto ;-5.8;-2.3;+0.8;-3.3;+0.4;+2.5;-3.2;-1.7;-1.0;-4.0;+0.5;-3.0;-2.4;-1.7;0.0;-0.1;+0.6;+0.7;2002-2003
Denver ;-8.2;0.0;+5.5;-3.2;-2.3;-3.7;-9.2;-5.7;-5.9;-5.7;+3.0;-0.9;+2.0;-0.3;-0.3;-1.4;+1.3;+3.2;2002-2003
Cleveland ;-9.6;-2.7;-0.4;-3.0;-1.6;-3.6;-3.0;-2.5;-2.5;-2.5;+2.2;+0.6;+2.8;-3.1;-2.0;+0.3;+4.1;+1.8;2002-2003
Sacramento ;+7.6;+1.6;-1.2;+2.6;+0.4;+0.1;+3.0;+3.7;+4.7;+0.7;-0.6;+1.0;+0.4;+1.4;+1.3;-0.1;-1.4;-3.2;2001-2002
L.A. Lakers;+7.1;+3.3;+0.7;+3.6;+1.3;+2.1;+3.7;-1.0;+0.8;-6.2;0.0;+0.9;+1.0;+2.9;+0.4;+1.5;-1.3;-0.8;2001-2002
San Antonio;+6.2;+0.3;-5.0;+3.2;+0.7;+1.2;+2.4;+4.6;+7.2;-3.5;-1.1;+1.6;+0.5;+1.2;-0.1;+1.3;-0.1;-3.9;2001-2002
Dallas ;+4.2;+1.2;+0.9;+1.0;+2.0;+4.2;+2.7;-0.3;-2.3;+5.5;-1.7;-0.3;-2.1;-0.6;0.0;+0.1;-1.9;+0.6;2001-2002
New Jersey ;+4.1;+2.2;+1.8;+1.7;0.0;+0.2;-1.0;-0.2;+0.2;-1.7;+0.4;0.0;+0.4;+5.2;+0.5;+0.6;-1.5;+0.8;2001-2002
Minnesota;+3.3;+2.5;+2.8;+1.5;-1.1;-3.3;+0.5;-0.6;-2.4;+5.6;+1.7;+2.8;+4.6;+1.6;-0.2;+0.2;0.0;+0.7;2001-2002
Seattle ;+3.0;+2.0;+0.9;+1.9;+0.2;-1.0;+3.4;-1.2;-2.0;+1.6;-1.5;0.0;-1.4;+1.1;+1.5;-0.4;-1.5;+1.2;2001-2002
Portland;+2.9;+0.6;+1.9;-0.3;0.0;+0.4;-0.9;+1.6;+1.5;+2.2;+2.3;+1.4;+3.7;-0.2;+1.0;-0.5;-0.4;-0.4;2001-2002
Boston;+2.2;+0.6;+1.8;-0.1;+2.2;+5.3;+1.9;-1.3;-1.5;-0.6;-0.7;-2.8;-3.6;-0.9;+2.0;-2.2;-2.6;+0.5;2001-2002
Detroit;+2.1;-0.9;-3.0;+0.4;+2.5;+6.2;+1.4;+1.5;+2.0;+0.1;-2.2;-1.7;-3.9;+1.5;0.0;+2.8;-0.9;-2.1;2001-2002
Philadelphia;+1.5;+0.4;-0.7;+0.9;-2.7;-7.4;-3.2;+3.5;+3.7;+2.8;+1.3;+2.2;+3.6;-1.5;+0.6;-1.1;+0.5;-2.2;2001-2002
Orlando;+1.5;-0.3;+0.7;-0.8;+2.5;+6.0;+2.1;-0.2;-0.9;+1.7;-1.7;-2.3;-4.1;-1.5;0.0;0.0;-2.1;-0.4;2001-2002
Charlotte ;+0.9;+0.5;-0.1;+0.7;-1.0;-1.9;-2.6;+0.9;+2.0;-2.2;+1.1;+1.2;+2.4;+1.4;+0.3;+0.4;+0.1;+0.5;2001-2002
Utah ;+0.8;+1.1;+1.9;+0.3;-2.2;-4.5;-5.0;+0.9;+1.4;-0.8;+2.2;+1.7;+3.9;+5.0;0.0;-0.3;-0.2;-1.1;2001-2002
Indiana ;+0.2;-0.5;-2.6;+0.8;-0.1;0.0;-0.9;+1.4;+1.1;+2.2;-1.4;+0.6;-0.7;+1.3;+0.4;-0.3;+0.9;+0.2;2001-2002
Milwaukee;-0.2;+0.3;-3.2;+2.1;+1.2;+2.5;+1.6;-2.0;-2.4;-0.9;-2.5;+1.4;-1.0;-0.4;0.0;+0.3;+1.2;+1.7;2001-2002
Toronto ;-0.4;+1.2;+4.1;-0.7;+0.1;+0.2;+0.2;-2.9;-3.5;-1.3;+1.4;-1.2;+0.2;+1.8;+0.7;+0.7;-0.9;+1.9;2001-2002
L.A. Clippers;-0.4;-1.2;-2.4;-0.2;0.0;0.0;0.0;+2.0;+2.9;-0.5;+0.2;+1.1;+1.3;-1.7;-1.2;+1.2;+1.9;-1.8;2001-2002
Phoenix;-0.6;+1.7;+3.3;+0.2;-0.9;-1.3;-3.1;-3.1;-4.6;+1.6;+0.5;-0.7;-0.2;+0.2;-0.2;-0.9;-0.7;+3.2;2001-2002
Washington;-1.4;-0.1;+1.5;-1.1;-1.4;-4.9;+3.3;+0.3;+0.2;+1.0;+1.1;+0.2;+1.3;-1.2;0.0;-0.7;-0.3;+0.6;2001-2002
Miami;-1.5;+1.6;+1.2;+1.4;-0.8;-2.5;+0.5;-4.0;-5.1;-1.2;0.0;+0.7;+0.8;+2.4;-0.8;+1.1;+1.0;+1.6;2001-2002
Cleveland ;-3.3;-1.2;-1.1;-0.9;-1.0;-2.1;-1.6;+0.2;-0.4;+2.4;+0.4;+1.2;+1.7;-1.1;-0.3;+0.1;+1.6;+1.3;2001-2002
New York;-3.9;-1.3;-0.6;-1.2;+0.3;+1.0;0.0;-1.7;-3.1;+3.0;-1.0;-1.0;-2.0;-0.5;-1.5;-1.1;+1.0;+1.5;2001-2002
Atlanta;-4.2;-2.0;-0.7;-2.0;-0.5;-1.6;0.0;+0.3;-0.1;+2.1;-0.5;-0.9;-1.5;-2.4;-0.4;-1.9;+0.4;+0.6;2001-2002
Houston ;-4.8;-4.3;-3.0;-3.6;+1.5;+5.5;-2.4;+2.2;+3.2;-1.1;-0.2;-1.1;-1.4;-4.3;-0.4;+0.3;+2.0;-2.0;2001-2002
Golden State;-5.4;-2.6;0.0;-3.0;-1.0;-2.0;-2.5;+0.8;+2.6;-4.1;+2.8;+0.5;+3.3;-3.6;-0.6;+0.1;+2.4;-0.7;2001-2002
Denver ;-5.8;-1.0;+4.0;-3.5;0.0;+1.3;-3.2;-3.6;-4.7;-0.3;+1.4;-2.6;-1.1;-1.8;-0.7;-1.1;+0.3;+2.7;2001-2002
Memphis;-7.4;-3.2;-3.5;-2.0;-0.7;-0.1;-5.1;-0.1;+1.1;-4.4;-1.8;-1.7;-3.6;-2.1;-1.6;+0.3;+1.6;-2.5;2001-2002
Chicago;-8.5;-2.6;-0.2;-3.1;-1.4;-3.7;-1.2;-1.7;-1.6;-2.4;-0.2;-2.3;-2.6;-3.0;-0.5;-0.4;+0.9;+1.3;2001-2002
